{
	"Version": 3,
	"Meta": {
		"Duration": 1.333,
		"Fps": 30.0,
		"Loop": true,
		"AreBeziersRestricted": true,
		"CurveCount": 12,
		"TotalSegmentCount": 19,
		"TotalPointCount": 55,
		"UserDataCount": 0,
		"TotalUserDataSize": 0
	},
	"Curves": [
		{
			"Target": "Parameter",
			"Id": "ParamEyeLOpen",
			"Segments": [
				0,
				1,
				0,
				1.333,
				1
			]
		},
		{
			"Target": "Parameter",
			"Id": "Param6",
			"Segments": [
				0,
				1,
				1,
				0.444,
				1,
				0.889,
				0.778,
				1.333,
				0.63
			]
		},
		{
			"Target": "Parameter",
			"Id": "Param",
			"Segments": [
				0,
				0,
				1,
				0.111,
				0,
				0.222,
				1,
				0.333,
				1,
				0,
				1.333,
				1
			]
		},
		{
			"Target": "Parameter",
			"Id": "Param2",
			"Segments": [
				0,
				0,
				1,
				0.044,
				0,
				0.089,
				1,
				0.133,
				1,
				0,
				1.333,
				1
			]
		},
		{
			"Target": "Parameter",
			"Id": "Param4",
			"Segments": [
				0,
				-1,
				0,
				1.333,
				-1
			]
		},
		{
			"Target": "Parameter",
			"Id": "ParamMouthOpenY",
			"Segments": [
				0,
				0.8,
				1,
				0.089,
				0.8,
				0.178,
				0.773,
				0.267,
				0.7,
				1,
				0.278,
				0.691,
				0.289,
				0.644,
				0.3,
				0.6,
				1,
				0.311,
				0.556,
				0.322,
				0.5,
				0.333,
				0.5,
				0,
				1.333,
				0.5
			]
		},
		{
			"Target": "Parameter",
			"Id": "ParamBreath",
			"Segments": [
				0,
				0,
				1,
				0.444,
				0,
				0.889,
				0,
				1.333,
				0
			]
		},
		{
			"Target": "Parameter",
			"Id": "ParamHairFront",
			"Segments": [
				0,
				0,
				1,
				0.444,
				0,
				0.889,
				0.044,
				1.333,
				0.074
			]
		},
		{
			"Target": "Parameter",
			"Id": "ParamHairSide",
			"Segments": [
				0,
				0,
				1,
				0.444,
				0,
				0.889,
				-0.044,
				1.333,
				-0.074
			]
		},
		{
			"Target": "Parameter",
			"Id": "Param7",
			"Segments": [
				0,
				0,
				1,
				0.444,
				0,
				0.889,
				0,
				1.333,
				0
			]
		},
		{
			"Target": "Parameter",
			"Id": "Ahhh",
			"Segments": [
				0,
				1,
				1,
				0.056,
				1,
				0.111,
				0,
				0.167,
				0,
				0,
				1.333,
				0
			]
		},
		{
			"Target": "Parameter",
			"Id": "Param11",
			"Segments": [
				0,
				1,
				1,
				0.111,
				1,
				0.222,
				0,
				0.333,
				0,
				0,
				1.333,
				0
			]
		}
	]
}