{
	"Version": 3,
	"Meta": {
		"Duration": 1.167,
		"Fps": 30.0,
		"Loop": true,
		"AreBeziersRestricted": true,
		"CurveCount": 13,
		"TotalSegmentCount": 36,
		"TotalPointCount": 97,
		"UserDataCount": 0,
		"TotalUserDataSize": 0
	},
	"Curves": [
		{
			"Target": "Parameter",
			"Id": "Param",
			"Segments": [
				0,
				0,
				0,
				1.167,
				0
			]
		},
		{
			"Target": "Parameter",
			"Id": "Param2",
			"Segments": [
				0,
				0,
				0,
				1.167,
				0
			]
		},
		{
			"Target": "Parameter",
			"Id": "ParamEyeBallX",
			"Segments": [
				0,
				-0.3,
				0,
				0.333,
				-0.3,
				1,
				0.5,
				-0.3,
				0.667,
				-0.7,
				0.833,
				-0.7,
				1,
				0.911,
				-0.7,
				0.989,
				-0.041,
				1.067,
				0,
				1,
				1.1,
				0.018,
				1.133,
				0.034,
				1.167,
				0.05
			]
		},
		{
			"Target": "Parameter",
			"Id": "ParamEyeBallY",
			"Segments": [
				0,
				0.1,
				0,
				0.333,
				0.1,
				1,
				0.5,
				0.1,
				0.667,
				0.4,
				0.833,
				0.4,
				1,
				0.911,
				0.4,
				0.989,
				0.1,
				1.067,
				0.1,
				1,
				1.1,
				0.1,
				1.133,
				0.1,
				1.167,
				0.1
			]
		},
		{
			"Target": "Parameter",
			"Id": "Param4",
			"Segments": [
				0,
				-1,
				0,
				1.167,
				-1
			]
		},
		{
			"Target": "Parameter",
			"Id": "ParamMouthForm",
			"Segments": [
				0,
				0,
				1,
				0.044,
				0,
				0.089,
				0.2,
				0.133,
				0.2,
				1,
				0.144,
				0.2,
				0.156,
				0,
				0.167,
				0,
				1,
				0.2,
				0,
				0.233,
				1,
				0.267,
				1,
				1,
				0.289,
				1,
				0.311,
				0.6,
				0.333,
				0.6,
				1,
				0.389,
				0.6,
				0.444,
				1,
				0.5,
				1,
				1,
				0.522,
				1,
				0.544,
				0.357,
				0.567,
				0.2,
				1,
				0.578,
				0.122,
				0.589,
				0.133,
				0.6,
				0.1,
				1,
				0.622,
				0.033,
				0.644,
				0,
				0.667,
				0,
				1,
				0.722,
				0,
				0.778,
				0.065,
				0.833,
				0.3,
				1,
				0.844,
				0.347,
				0.856,
				1,
				0.867,
				1,
				1,
				0.911,
				1,
				0.956,
				0.981,
				1,
				0.8,
				1,
				1.022,
				0.709,
				1.044,
				0.3,
				1.067,
				0.3,
				1,
				1.1,
				0.3,
				1.133,
				0.413,
				1.167,
				0.469
			]
		},
		{
			"Target": "Parameter",
			"Id": "ParamMouthOpenY",
			"Segments": [
				0,
				0.8,
				0,
				1.167,
				0.8
			]
		},
		{
			"Target": "Parameter",
			"Id": "ParamBreath",
			"Segments": [
				0,
				0,
				0,
				0.667,
				0,
				1,
				0.778,
				0,
				0.889,
				0.4,
				1,
				0.4,
				1,
				1.056,
				0.4,
				1.111,
				0.3,
				1.167,
				0.2
			]
		},
		{
			"Target": "Parameter",
			"Id": "ParamHairFront",
			"Segments": [
				0,
				-0.3,
				0,
				0.667,
				-0.3,
				1,
				0.833,
				-0.3,
				1,
				-0.187,
				1.167,
				-0.089
			]
		},
		{
			"Target": "Parameter",
			"Id": "ParamHairSide",
			"Segments": [
				0,
				-0.3,
				0,
				0.667,
				-0.3,
				1,
				0.833,
				-0.3,
				1,
				-0.131,
				1.167,
				-0.047
			]
		},
		{
			"Target": "Parameter",
			"Id": "Param7",
			"Segments": [
				0,
				0,
				0,
				0.667,
				0,
				1,
				0.833,
				0,
				1,
				0,
				1.167,
				0
			]
		},
		{
			"Target": "Parameter",
			"Id": "Ahhh",
			"Segments": [
				0,
				1,
				0,
				1.167,
				1
			]
		},
		{
			"Target": "Parameter",
			"Id": "Param11",
			"Segments": [
				0,
				1,
				0,
				1.167,
				1
			]
		}
	]
}