{
	"Version": 3,
	"Meta": {
		"Duration": 1.133,
		"Fps": 30.0,
		"Loop": true,
		"AreBeziersRestricted": true,
		"CurveCount": 15,
		"TotalSegmentCount": 35,
		"TotalPointCount": 100,
		"UserDataCount": 0,
		"TotalUserDataSize": 0
	},
	"Curves": [
		{
			"Target": "Parameter",
			"Id": "ParamEyeLOpen",
			"Segments": [
				0,
				0.9,
				1,
				0.111,
				0.9,
				0.222,
				1,
				0.333,
				1,
				1,
				0.344,
				1,
				0.356,
				0,
				0.367,
				0,
				1,
				0.4,
				0,
				0.433,
				0.308,
				0.467,
				0.8,
				1,
				0.478,
				0.964,
				0.489,
				1,
				0.5,
				1,
				1,
				0.556,
				1,
				0.611,
				1,
				0.667,
				1,
				1,
				0.722,
				1,
				0.778,
				1,
				0.833,
				1,
				0,
				1.133,
				1
			]
		},
		{
			"Target": "Parameter",
			"Id": "Param5",
			"Segments": [
				0,
				0,
				0,
				1.133,
				0
			]
		},
		{
			"Target": "Parameter",
			"Id": "Param6",
			"Segments": [
				0,
				1,
				1,
				0.222,
				1,
				0.444,
				-1,
				0.667,
				-1,
				1,
				0.822,
				-1,
				0.978,
				-0.945,
				1.133,
				-0.608
			]
		},
		{
			"Target": "Parameter",
			"Id": "Param",
			"Segments": [
				0,
				1,
				0,
				1.133,
				1
			]
		},
		{
			"Target": "Parameter",
			"Id": "Param2",
			"Segments": [
				0,
				0,
				1,
				0.167,
				0,
				0.333,
				0,
				0.5,
				0,
				1,
				0.511,
				0,
				0.522,
				1,
				0.533,
				1,
				0,
				1.133,
				1
			]
		},
		{
			"Target": "Parameter",
			"Id": "ParamEyeBallX",
			"Segments": [
				0,
				0.2,
				1,
				0.156,
				0.2,
				0.311,
				0.2,
				0.467,
				0.2,
				1,
				0.533,
				0.2,
				0.6,
				0,
				0.667,
				0,
				0,
				1.133,
				0
			]
		},
		{
			"Target": "Parameter",
			"Id": "ParamEyeBallY",
			"Segments": [
				0,
				-0.3,
				1,
				0.156,
				-0.3,
				0.311,
				-0.3,
				0.467,
				-0.3,
				1,
				0.533,
				-0.3,
				0.6,
				0,
				0.667,
				0,
				0,
				1.133,
				0
			]
		},
		{
			"Target": "Parameter",
			"Id": "Param4",
			"Segments": [
				0,
				-1,
				0,
				1.133,
				-1
			]
		},
		{
			"Target": "Parameter",
			"Id": "ParamCheek",
			"Segments": [
				0,
				1,
				1,
				0.178,
				1,
				0.356,
				0,
				0.533,
				0,
				0,
				1.133,
				0
			]
		},
		{
			"Target": "Parameter",
			"Id": "ParamBreath",
			"Segments": [
				0,
				0,
				1,
				0.378,
				0,
				0.756,
				0.722,
				1.133,
				0.939
			]
		},
		{
			"Target": "Parameter",
			"Id": "ParamHairFront",
			"Segments": [
				0,
				0,
				1,
				0.222,
				0,
				0.444,
				-0.2,
				0.667,
				-0.2,
				1,
				0.822,
				-0.2,
				0.978,
				-0.167,
				1.133,
				-0.102
			]
		},
		{
			"Target": "Parameter",
			"Id": "ParamHairSide",
			"Segments": [
				0,
				0,
				1,
				0.222,
				0,
				0.444,
				-0.2,
				0.667,
				-0.2,
				1,
				0.822,
				-0.2,
				0.978,
				-0.102,
				1.133,
				-0.043
			]
		},
		{
			"Target": "Parameter",
			"Id": "Param7",
			"Segments": [
				0,
				0,
				1,
				0.211,
				0,
				0.422,
				-0.164,
				0.633,
				-0.164,
				1,
				0.8,
				-0.164,
				0.967,
				-0.145,
				1.133,
				-0.094
			]
		},
		{
			"Target": "Parameter",
			"Id": "Param11",
			"Segments": [
				0,
				0.2,
				1,
				0.111,
				0.2,
				0.222,
				0,
				0.333,
				0,
				0,
				1.133,
				0
			]
		},
		{
			"Target": "Parameter",
			"Id": "Lines",
			"Segments": [
				0,
				1,
				1,
				0.111,
				1,
				0.222,
				0.752,
				0.333,
				0.2,
				1,
				0.356,
				0.09,
				0.378,
				0,
				0.4,
				0,
				0,
				1.133,
				0
			]
		}
	]
}