{
	"Version": 3,
	"Meta": {
		"Duration": 2.667,
		"Fps": 30.0,
		"Loop": true,
		"AreBeziersRestricted": true,
		"CurveCount": 9,
		"TotalSegmentCount": 26,
		"TotalPointCount": 79,
		"UserDataCount": 0,
		"TotalUserDataSize": 0
	},
	"Curves": [
		{
			"Target": "Parameter",
			"Id": "ParamEyeLOpen",
			"Segments": [
				0,
				1,
				1,
				0.111,
				1,
				0.222,
				1,
				0.333,
				1,
				1,
				0.344,
				1,
				0.356,
				0,
				0.367,
				0,
				1,
				0.4,
				0,
				0.433,
				0.308,
				0.467,
				0.8,
				1,
				0.478,
				0.964,
				0.489,
				1,
				0.5,
				1,
				0,
				2.667,
				1
			]
		},
		{
			"Target": "Parameter",
			"Id": "Param6",
			"Segments": [
				0,
				1,
				1,
				0.222,
				1,
				0.444,
				-1,
				0.667,
				-1,
				1,
				0.889,
				-1,
				1.111,
				-0.888,
				1.333,
				0,
				1,
				1.556,
				0.888,
				1.778,
				2,
				2,
				2,
				1,
				2.222,
				2,
				2.444,
				1,
				2.667,
				1
			]
		},
		{
			"Target": "Parameter",
			"Id": "Param",
			"Segments": [
				0,
				1,
				0,
				2.667,
				1
			]
		},
		{
			"Target": "Parameter",
			"Id": "Param2",
			"Segments": [
				0,
				1,
				0,
				2.667,
				1
			]
		},
		{
			"Target": "Parameter",
			"Id": "Param4",
			"Segments": [
				0,
				-1,
				0,
				2.667,
				-1
			]
		},
		{
			"Target": "Parameter",
			"Id": "ParamBreath",
			"Segments": [
				0,
				0,
				1,
				0.444,
				0,
				0.889,
				1,
				1.333,
				1,
				1,
				1.778,
				1,
				2.222,
				0,
				2.667,
				0
			]
		},
		{
			"Target": "Parameter",
			"Id": "ParamHairFront",
			"Segments": [
				0,
				0,
				1,
				0.222,
				0,
				0.444,
				-0.2,
				0.667,
				-0.2,
				1,
				0.889,
				-0.2,
				1.111,
				-0.133,
				1.333,
				0,
				1,
				1.556,
				0.133,
				1.778,
				0.2,
				2,
				0.2,
				1,
				2.222,
				0.2,
				2.444,
				0,
				2.667,
				0
			]
		},
		{
			"Target": "Parameter",
			"Id": "ParamHairSide",
			"Segments": [
				0,
				0,
				1,
				0.222,
				0,
				0.444,
				-0.2,
				0.667,
				-0.2,
				1,
				0.889,
				-0.2,
				1.111,
				0,
				1.333,
				0,
				1,
				1.556,
				0,
				1.778,
				-0.2,
				2,
				-0.2,
				1,
				2.222,
				-0.2,
				2.444,
				0,
				2.667,
				0
			]
		},
		{
			"Target": "Parameter",
			"Id": "Param7",
			"Segments": [
				0,
				0,
				1,
				0.211,
				0,
				0.422,
				-0.164,
				0.633,
				-0.164,
				1,
				0.878,
				-0.164,
				1.122,
				-0.123,
				1.367,
				0,
				1,
				1.544,
				0.089,
				1.722,
				0.162,
				1.9,
				0.162,
				1,
				2.156,
				0.162,
				2.411,
				0,
				2.667,
				0
			]
		}
	]
}