{
	"Version": 3,
	"Meta": {
		"Duration": 2.667,
		"Fps": 30.0,
		"Loop": true,
		"AreBeziersRestricted": true,
		"CurveCount": 16,
		"TotalSegmentCount": 68,
		"TotalPointCount": 198,
		"UserDataCount": 0,
		"TotalUserDataSize": 0
	},
	"Curves": [
		{
			"Target": "Parameter",
			"Id": "ParamEyeLOpen",
			"Segments": [
				0,
				0.9,
				0,
				2.667,
				0.9
			]
		},
		{
			"Target": "Parameter",
			"Id": "Param5",
			"Segments": [
				0,
				0,
				0,
				2.667,
				0
			]
		},
		{
			"Target": "Parameter",
			"Id": "Param6",
			"Segments": [
				0,
				0,
				1,
				0.222,
				0.888,
				0.444,
				2,
				0.667,
				2,
				1,
				0.889,
				2,
				1.111,
				1,
				1.333,
				1,
				0,
				2.667,
				1
			]
		},
		{
			"Target": "Parameter",
			"Id": "Param",
			"Segments": [
				0,
				1,
				0,
				2.667,
				1
			]
		},
		{
			"Target": "Parameter",
			"Id": "Param2",
			"Segments": [
				0,
				0,
				1,
				0.167,
				0,
				0.333,
				1,
				0.5,
				1,
				1,
				0.778,
				1,
				1.056,
				0,
				1.333,
				0,
				1,
				1.778,
				0,
				2.222,
				0,
				2.667,
				0
			]
		},
		{
			"Target": "Parameter",
			"Id": "ParamEyeBallX",
			"Segments": [
				0,
				0.2,
				1,
				0.167,
				0.018,
				0.333,
				0,
				0.5,
				0,
				1,
				0.611,
				0,
				0.722,
				0,
				0.833,
				0,
				1,
				0.989,
				0,
				1.144,
				0.076,
				1.3,
				0.2,
				1,
				1.478,
				0.342,
				1.656,
				0.4,
				1.833,
				0.4,
				1,
				2,
				0.4,
				2.167,
				0,
				2.333,
				0,
				1,
				2.444,
				0,
				2.556,
				0.2,
				2.667,
				0.2
			]
		},
		{
			"Target": "Parameter",
			"Id": "ParamEyeBallY",
			"Segments": [
				0,
				-0.3,
				1,
				0.167,
				-0.123,
				0.333,
				0,
				0.5,
				0,
				1,
				0.611,
				0,
				0.722,
				0,
				0.833,
				0,
				1,
				0.989,
				0,
				1.144,
				-0.084,
				1.3,
				-0.3,
				1,
				1.478,
				-0.547,
				1.656,
				-0.7,
				1.833,
				-0.7,
				1,
				2,
				-0.7,
				2.167,
				0,
				2.333,
				0,
				1,
				2.444,
				0,
				2.556,
				-0.3,
				2.667,
				-0.3
			]
		},
		{
			"Target": "Parameter",
			"Id": "Param4",
			"Segments": [
				0,
				-1,
				0,
				2.667,
				-1
			]
		},
		{
			"Target": "Parameter",
			"Id": "ParamMouthForm",
			"Segments": [
				0,
				0,
				0,
				0.067,
				0,
				1,
				0.1,
				0,
				0.133,
				0.091,
				0.167,
				0.4,
				1,
				0.178,
				0.503,
				0.189,
				0.7,
				0.2,
				0.7,
				1,
				0.244,
				0.7,
				0.289,
				0.635,
				0.333,
				0.4,
				1,
				0.344,
				0.341,
				0.356,
				0.1,
				0.367,
				0.1,
				1,
				0.411,
				0.1,
				0.456,
				1,
				0.5,
				1,
				1,
				0.533,
				1,
				0.567,
				0.7,
				0.6,
				0.7,
				1,
				0.633,
				0.7,
				0.667,
				1,
				0.7,
				1,
				1,
				0.711,
				1,
				0.722,
				0.575,
				0.733,
				0.3,
				1,
				0.744,
				0.025,
				0.756,
				0,
				0.767,
				0,
				1,
				0.778,
				0,
				0.789,
				0.079,
				0.8,
				0.3,
				1,
				0.822,
				0.742,
				0.844,
				1,
				0.867,
				1,
				1,
				0.889,
				1,
				0.911,
				0.777,
				0.933,
				0.6,
				1,
				0.956,
				0.423,
				0.978,
				0.4,
				1,
				0.4,
				1,
				1.011,
				0.4,
				1.022,
				0.556,
				1.033,
				0.6,
				1,
				1.056,
				0.689,
				1.078,
				0.7,
				1.1,
				0.7,
				1,
				1.111,
				0.7,
				1.122,
				0.461,
				1.133,
				0.4,
				1,
				1.189,
				0.097,
				1.244,
				0,
				1.3,
				0,
				1,
				1.378,
				0,
				1.456,
				0.212,
				1.533,
				0.6,
				1,
				1.589,
				0.877,
				1.644,
				1,
				1.7,
				1,
				1,
				1.722,
				1,
				1.744,
				0.357,
				1.767,
				0.2,
				1,
				1.778,
				0.122,
				1.789,
				0.133,
				1.8,
				0.1,
				1,
				1.822,
				0.033,
				1.844,
				0,
				1.867,
				0,
				1,
				1.922,
				0,
				1.978,
				0.065,
				2.033,
				0.3,
				1,
				2.044,
				0.347,
				2.056,
				1,
				2.067,
				1,
				1,
				2.111,
				1,
				2.156,
				0.966,
				2.2,
				0.8,
				1,
				2.222,
				0.717,
				2.244,
				0.367,
				2.267,
				0.3,
				1,
				2.344,
				0.066,
				2.422,
				0,
				2.5,
				0,
				0,
				2.667,
				0
			]
		},
		{
			"Target": "Parameter",
			"Id": "ParamCheek",
			"Segments": [
				0,
				1,
				0,
				2.667,
				1
			]
		},
		{
			"Target": "Parameter",
			"Id": "ParamBreath",
			"Segments": [
				0,
				1,
				1,
				0.444,
				1,
				0.889,
				0,
				1.333,
				0,
				1,
				1.778,
				0,
				2.222,
				0,
				2.667,
				0
			]
		},
		{
			"Target": "Parameter",
			"Id": "ParamHairFront",
			"Segments": [
				0,
				0,
				1,
				0.222,
				0.133,
				0.444,
				0.2,
				0.667,
				0.2,
				1,
				0.889,
				0.2,
				1.111,
				0,
				1.333,
				0,
				1,
				1.556,
				0,
				1.778,
				0.2,
				2,
				0.2,
				1,
				2.222,
				0.2,
				2.444,
				0,
				2.667,
				0
			]
		},
		{
			"Target": "Parameter",
			"Id": "ParamHairSide",
			"Segments": [
				0,
				0,
				1,
				0.222,
				0,
				0.444,
				-0.2,
				0.667,
				-0.2,
				1,
				0.889,
				-0.2,
				1.111,
				0,
				1.333,
				0,
				1,
				1.556,
				0,
				1.778,
				-0.2,
				2,
				-0.2,
				1,
				2.222,
				-0.2,
				2.444,
				0,
				2.667,
				0
			]
		},
		{
			"Target": "Parameter",
			"Id": "Param7",
			"Segments": [
				0,
				-0.016,
				1,
				0.011,
				-0.011,
				0.022,
				-0.006,
				0.033,
				0,
				1,
				0.211,
				0.089,
				0.389,
				0.162,
				0.567,
				0.162,
				1,
				0.822,
				0.162,
				1.078,
				0,
				1.333,
				0,
				0,
				2.667,
				0
			]
		},
		{
			"Target": "Parameter",
			"Id": "Param11",
			"Segments": [
				0,
				0.2,
				0,
				2.667,
				0.2
			]
		},
		{
			"Target": "Parameter",
			"Id": "Lines",
			"Segments": [
				0,
				1,
				0,
				2.667,
				1
			]
		}
	]
}