{
	"Version": 3,
	"Meta": {
		"Duration": 2.667,
		"Fps": 30.0,
		"Loop": true,
		"AreBeziersRestricted": true,
		"CurveCount": 17,
		"TotalSegmentCount": 47,
		"TotalPointCount": 136,
		"UserDataCount": 0,
		"TotalUserDataSize": 0
	},
	"Curves": [
		{
			"Target": "Parameter",
			"Id": "ParamEyeLOpen",
			"Segments": [
				0,
				0.9,
				1,
				0.444,
				0.9,
				0.889,
				0.9,
				1.333,
				0.9,
				1,
				1.556,
				0.9,
				1.778,
				1,
				2,
				1,
				1,
				2.011,
				1,
				2.022,
				0,
				2.033,
				0,
				1,
				2.067,
				0,
				2.1,
				0.426,
				2.133,
				0.8,
				1,
				2.144,
				0.925,
				2.156,
				0.9,
				2.167,
				0.9,
				0,
				2.667,
				0.9
			]
		},
		{
			"Target": "Parameter",
			"Id": "Param5",
			"Segments": [
				0,
				0.3,
				0,
				2.667,
				0.3
			]
		},
		{
			"Target": "Parameter",
			"Id": "Param6",
			"Segments": [
				0,
				0,
				1,
				0.222,
				0,
				0.444,
				1.467,
				0.667,
				2,
				1,
				0.889,
				2.533,
				1.111,
				2.41,
				1.333,
				3,
				1,
				1.556,
				3.59,
				1.778,
				7,
				2,
				7,
				1,
				2.222,
				7,
				2.444,
				0,
				2.667,
				0
			]
		},
		{
			"Target": "Parameter",
			"Id": "Param",
			"Segments": [
				0,
				0,
				0,
				2.667,
				0
			]
		},
		{
			"Target": "Parameter",
			"Id": "Param2",
			"Segments": [
				0,
				0,
				0,
				2.667,
				0
			]
		},
		{
			"Target": "Parameter",
			"Id": "ParamEyeBallX",
			"Segments": [
				0,
				0,
				1,
				0.222,
				0,
				0.444,
				-0.3,
				0.667,
				-0.3,
				1,
				0.822,
				-0.3,
				0.978,
				0.6,
				1.133,
				0.6,
				1,
				1.167,
				0.6,
				1.2,
				0.6,
				1.233,
				0.6,
				1,
				1.267,
				0.6,
				1.3,
				-0.3,
				1.333,
				-0.3,
				1,
				1.556,
				-0.3,
				1.778,
				0.7,
				2,
				0.7,
				1,
				2.222,
				0.7,
				2.444,
				0,
				2.667,
				0
			]
		},
		{
			"Target": "Parameter",
			"Id": "ParamEyeBallY",
			"Segments": [
				0,
				0.1,
				1,
				0.222,
				0.1,
				0.444,
				-0.482,
				0.667,
				-0.8,
				1,
				0.822,
				-1,
				0.978,
				-1,
				1.133,
				-1,
				1,
				1.167,
				-1,
				1.2,
				-1,
				1.233,
				-1,
				1,
				1.267,
				-1,
				1.3,
				-0.8,
				1.333,
				-0.8,
				1,
				1.556,
				-0.8,
				1.778,
				-1,
				2,
				-1,
				1,
				2.222,
				-1,
				2.444,
				0,
				2.667,
				0
			]
		},
		{
			"Target": "Parameter",
			"Id": "Param4",
			"Segments": [
				0,
				1,
				0,
				2.667,
				1
			]
		},
		{
			"Target": "Parameter",
			"Id": "Anny",
			"Segments": [
				0,
				1,
				0,
				2.667,
				1
			]
		},
		{
			"Target": "Parameter",
			"Id": "Param3",
			"Segments": [
				0,
				0,
				1,
				0.111,
				0,
				0.222,
				-0.3,
				0.333,
				-0.3,
				1,
				0.667,
				-0.3,
				1,
				0.6,
				1.333,
				0.6,
				1,
				1.611,
				0.6,
				1.889,
				0,
				2.167,
				0,
				0,
				2.667,
				0
			]
		},
		{
			"Target": "Parameter",
			"Id": "ParamBreath",
			"Segments": [
				0,
				0,
				1,
				0.444,
				0,
				0.889,
				0,
				1.333,
				0,
				1,
				1.778,
				0,
				2.222,
				1,
				2.667,
				1
			]
		},
		{
			"Target": "Parameter",
			"Id": "ParamHairFront",
			"Segments": [
				0,
				0,
				1,
				0.222,
				0,
				0.444,
				0.2,
				0.667,
				0.2,
				1,
				0.889,
				0.2,
				1.111,
				0,
				1.333,
				0,
				0,
				2.667,
				0
			]
		},
		{
			"Target": "Parameter",
			"Id": "ParamHairSide",
			"Segments": [
				0,
				0,
				1,
				0.222,
				0,
				0.444,
				-0.2,
				0.667,
				-0.2,
				1,
				0.889,
				-0.2,
				1.111,
				0,
				1.333,
				0,
				0,
				2.667,
				0
			]
		},
		{
			"Target": "Parameter",
			"Id": "Param7",
			"Segments": [
				0,
				0.1,
				1,
				0.444,
				0.1,
				0.889,
				0.089,
				1.333,
				0,
				1,
				1.778,
				-0.089,
				2.222,
				-0.2,
				2.667,
				-0.2
			]
		},
		{
			"Target": "Parameter",
			"Id": "Param8",
			"Segments": [
				0,
				0,
				0,
				2.667,
				0
			]
		},
		{
			"Target": "Parameter",
			"Id": "anger",
			"Segments": [
				0,
				0,
				0,
				2.667,
				0
			]
		},
		{
			"Target": "Parameter",
			"Id": "anger2",
			"Segments": [
				0,
				-0.7,
				1,
				0.222,
				-0.7,
				0.444,
				-0.629,
				0.667,
				-0.4,
				1,
				0.889,
				-0.171,
				1.111,
				0,
				1.333,
				0,
				1,
				1.556,
				0,
				1.778,
				-0.4,
				2,
				-0.4,
				1,
				2.222,
				-0.4,
				2.444,
				0,
				2.667,
				0
			]
		}
	]
}