{
	"Version": 3,
	"Meta": {
		"Duration": 2.667,
		"Fps": 30.0,
		"Loop": true,
		"AreBeziersRestricted": true,
		"CurveCount": 13,
		"TotalSegmentCount": 42,
		"TotalPointCount": 119,
		"UserDataCount": 0,
		"TotalUserDataSize": 0
	},
	"Curves": [
		{
			"Target": "Parameter",
			"Id": "ParamEyeLOpen",
			"Segments": [
				0,
				1,
				1,
				0.111,
				1,
				0.222,
				1,
				0.333,
				1,
				1,
				0.344,
				1,
				0.356,
				0,
				0.367,
				0,
				1,
				0.4,
				0,
				0.433,
				0.8,
				0.467,
				0.8,
				1,
				0.478,
				0.8,
				0.489,
				0.7,
				0.5,
				0.7,
				1,
				0.667,
				0.7,
				0.833,
				0.784,
				1,
				0.8,
				1,
				1.444,
				0.843,
				1.889,
				0.863,
				2.333,
				0.9,
				1,
				2.389,
				0.905,
				2.444,
				1,
				2.5,
				1,
				0,
				2.667,
				1
			]
		},
		{
			"Target": "Parameter",
			"Id": "ParamEyeLSmile",
			"Segments": [
				0,
				0,
				1,
				0.167,
				0,
				0.333,
				0.577,
				0.5,
				0.6,
				1,
				1.111,
				0.684,
				1.722,
				0.7,
				2.333,
				0.7,
				1,
				2.389,
				0.7,
				2.444,
				0,
				2.5,
				0,
				0,
				2.667,
				0
			]
		},
		{
			"Target": "Parameter",
			"Id": "Param5",
			"Segments": [
				0,
				0,
				0,
				2.667,
				0
			]
		},
		{
			"Target": "Parameter",
			"Id": "Param6",
			"Segments": [
				0,
				1,
				1,
				0.222,
				1,
				0.444,
				0,
				0.667,
				0,
				0,
				2.667,
				0
			]
		},
		{
			"Target": "Parameter",
			"Id": "Param",
			"Segments": [
				0,
				1,
				0,
				2.667,
				1
			]
		},
		{
			"Target": "Parameter",
			"Id": "Param2",
			"Segments": [
				0,
				1,
				1,
				0.167,
				1,
				0.333,
				0,
				0.5,
				0,
				0,
				2.667,
				0
			]
		},
		{
			"Target": "Parameter",
			"Id": "ParamEyeBallX",
			"Segments": [
				0,
				0,
				1,
				0.2,
				0,
				0.4,
				0,
				0.6,
				0,
				1,
				0.678,
				0,
				0.756,
				-1,
				0.833,
				-1,
				1,
				1.089,
				-1,
				1.344,
				-1,
				1.6,
				-1,
				1,
				1.9,
				-1,
				2.2,
				0,
				2.5,
				0,
				0,
				2.667,
				0
			]
		},
		{
			"Target": "Parameter",
			"Id": "ParamEyeBallY",
			"Segments": [
				0,
				0,
				1,
				0.2,
				0,
				0.4,
				0.3,
				0.6,
				0.3,
				1,
				0.678,
				0.3,
				0.756,
				0.3,
				0.833,
				0.3,
				1,
				1.089,
				0.3,
				1.344,
				0.3,
				1.6,
				0.3,
				1,
				1.9,
				0.3,
				2.2,
				0,
				2.5,
				0,
				0,
				2.667,
				0
			]
		},
		{
			"Target": "Parameter",
			"Id": "Param4",
			"Segments": [
				0,
				-1,
				1,
				0.333,
				-1,
				0.667,
				-1,
				1,
				-1,
				0,
				2.667,
				-1
			]
		},
		{
			"Target": "Parameter",
			"Id": "ParamBreath",
			"Segments": [
				0,
				0,
				1,
				0.444,
				0,
				0.889,
				1,
				1.333,
				1,
				1,
				1.778,
				1,
				2.222,
				0,
				2.667,
				0
			]
		},
		{
			"Target": "Parameter",
			"Id": "ParamHairFront",
			"Segments": [
				0,
				0,
				1,
				0.111,
				0,
				0.222,
				-0.2,
				0.333,
				-0.2,
				1,
				0.444,
				-0.2,
				0.556,
				-0.039,
				0.667,
				0,
				1,
				1.111,
				0.157,
				1.556,
				0.2,
				2,
				0.2,
				1,
				2.222,
				0.2,
				2.444,
				0,
				2.667,
				0
			]
		},
		{
			"Target": "Parameter",
			"Id": "ParamHairSide",
			"Segments": [
				0,
				0,
				1,
				0.111,
				0,
				0.222,
				-0.2,
				0.333,
				-0.2,
				1,
				0.444,
				-0.2,
				0.556,
				0,
				0.667,
				0,
				1,
				1.111,
				0,
				1.556,
				-0.2,
				2,
				-0.2,
				1,
				2.222,
				-0.2,
				2.444,
				0,
				2.667,
				0
			]
		},
		{
			"Target": "Parameter",
			"Id": "Param7",
			"Segments": [
				0,
				0,
				1,
				0.222,
				0,
				0.444,
				-0.164,
				0.667,
				-0.164,
				0,
				2.667,
				-0.164
			]
		}
	]
}