{
	"Version": 3,
	"Meta": {
		"Duration": 1.333,
		"Fps": 30.0,
		"Loop": true,
		"AreBeziersRestricted": true,
		"CurveCount": 12,
		"TotalSegmentCount": 47,
		"TotalPointCount": 135,
		"UserDataCount": 0,
		"TotalUserDataSize": 0
	},
	"Curves": [
		{
			"Target": "Parameter",
			"Id": "ParamEyeLOpen",
			"Segments": [
				0,
				1,
				1,
				0.111,
				1,
				0.222,
				1,
				0.333,
				1,
				1,
				0.344,
				1,
				0.356,
				0,
				0.367,
				0,
				1,
				0.4,
				0,
				0.433,
				0.308,
				0.467,
				0.8,
				1,
				0.478,
				0.964,
				0.489,
				1,
				0.5,
				1,
				0,
				1.333,
				1
			]
		},
		{
			"Target": "Parameter",
			"Id": "Param5",
			"Segments": [
				0,
				0,
				0,
				0.833,
				0,
				1,
				0.856,
				0,
				0.878,
				0,
				0.9,
				0,
				1,
				0.911,
				0,
				0.922,
				0,
				0.933,
				0,
				1,
				0.956,
				0,
				0.978,
				1,
				1,
				1,
				1,
				1.033,
				1,
				1.067,
				0.5,
				1.1,
				0.5,
				1,
				1.122,
				0.5,
				1.144,
				1,
				1.167,
				1,
				0,
				1.333,
				1
			]
		},
		{
			"Target": "Parameter",
			"Id": "Param6",
			"Segments": [
				0,
				1,
				1,
				0.222,
				1,
				0.444,
				-1,
				0.667,
				-1,
				1,
				0.889,
				-1,
				1.111,
				-0.888,
				1.333,
				0
			]
		},
		{
			"Target": "Parameter",
			"Id": "Param",
			"Segments": [
				0,
				1,
				1,
				0.167,
				1,
				0.333,
				0.972,
				0.5,
				0.8,
				1,
				0.556,
				0.743,
				0.611,
				0.1,
				0.667,
				0.1,
				0,
				1.333,
				0.1
			]
		},
		{
			"Target": "Parameter",
			"Id": "Param2",
			"Segments": [
				0,
				1,
				1,
				0.167,
				1,
				0.333,
				1,
				0.5,
				1,
				1,
				0.556,
				1,
				0.611,
				0,
				0.667,
				0,
				0,
				1.333,
				0
			]
		},
		{
			"Target": "Parameter",
			"Id": "Param4",
			"Segments": [
				0,
				-1,
				1,
				0.333,
				-1,
				0.667,
				0,
				1,
				0,
				0,
				1.333,
				0
			]
		},
		{
			"Target": "Parameter",
			"Id": "ParamCheek",
			"Segments": [
				0,
				0.4,
				0,
				0.333,
				0.4,
				1,
				0.444,
				0.4,
				0.556,
				1,
				0.667,
				1,
				1,
				0.678,
				1,
				0.689,
				0.9,
				0.7,
				0.9,
				1,
				0.711,
				0.9,
				0.722,
				1,
				0.733,
				1,
				1,
				0.767,
				1,
				0.8,
				1,
				0.833,
				1,
				1,
				0.844,
				1,
				0.856,
				0.9,
				0.867,
				0.9,
				1,
				0.878,
				0.9,
				0.889,
				1,
				0.9,
				1,
				1,
				0.933,
				1,
				0.967,
				1,
				1,
				1,
				1,
				1.011,
				1,
				1.022,
				0.9,
				1.033,
				0.9,
				1,
				1.044,
				0.9,
				1.056,
				1,
				1.067,
				1,
				0,
				1.333,
				1
			]
		},
		{
			"Target": "Parameter",
			"Id": "Param3",
			"Segments": [
				0,
				0,
				1,
				0.111,
				0,
				0.222,
				0,
				0.333,
				0,
				1,
				0.556,
				0,
				0.778,
				1,
				1,
				1,
				0,
				1.333,
				1
			]
		},
		{
			"Target": "Parameter",
			"Id": "ParamBreath",
			"Segments": [
				0,
				0,
				1,
				0.444,
				0,
				0.889,
				1,
				1.333,
				1
			]
		},
		{
			"Target": "Parameter",
			"Id": "ParamHairFront",
			"Segments": [
				0,
				0,
				1,
				0.222,
				0,
				0.444,
				-0.2,
				0.667,
				-0.2,
				1,
				0.889,
				-0.2,
				1.111,
				-0.133,
				1.333,
				0
			]
		},
		{
			"Target": "Parameter",
			"Id": "ParamHairSide",
			"Segments": [
				0,
				0,
				1,
				0.111,
				0,
				0.222,
				0.254,
				0.333,
				0.3,
				1,
				0.556,
				0.392,
				0.778,
				0.4,
				1,
				0.4,
				1,
				1.044,
				0.4,
				1.089,
				0.4,
				1.133,
				0.4,
				1,
				1.2,
				0.4,
				1.267,
				0.05,
				1.333,
				0
			]
		},
		{
			"Target": "Parameter",
			"Id": "Param7",
			"Segments": [
				0,
				0,
				1,
				0.111,
				0,
				0.222,
				-0.033,
				0.333,
				-0.1,
				1,
				0.556,
				-0.233,
				0.778,
				-0.3,
				1,
				-0.3,
				1,
				1.044,
				-0.3,
				1.089,
				-0.3,
				1.133,
				-0.3,
				1,
				1.2,
				-0.3,
				1.267,
				-0.125,
				1.333,
				-0.036
			]
		}
	]
}