{
	"Version": 3,
	"Meta": {
		"Duration": 2.667,
		"Fps": 30.0,
		"Loop": true,
		"AreBeziersRestricted": true,
		"CurveCount": 17,
		"TotalSegmentCount": 221,
		"TotalPointCount": 652,
		"UserDataCount": 0,
		"TotalUserDataSize": 0
	},
	"Curves": [
		{
			"Target": "Parameter",
			"Id": "ParamEyeLOpen",
			"Segments": [
				0,
				1,
				0,
				1.333,
				1,
				1,
				1.444,
				1,
				1.556,
				1,
				1.667,
				1,
				1,
				1.678,
				1,
				1.689,
				0,
				1.7,
				0,
				1,
				1.733,
				0,
				1.767,
				0.308,
				1.8,
				0.8,
				1,
				1.811,
				0.964,
				1.822,
				1,
				1.833,
				1,
				0,
				2.667,
				1
			]
		},
		{
			"Target": "Parameter",
			"Id": "Param5",
			"Segments": [
				0,
				0.9,
				1,
				0.278,
				0.9,
				0.556,
				0,
				0.833,
				0,
				1,
				0.856,
				0,
				0.878,
				0,
				0.9,
				0,
				1,
				0.911,
				0,
				0.922,
				0,
				0.933,
				0,
				1,
				0.956,
				0,
				0.978,
				1,
				1,
				1,
				1,
				1.033,
				1,
				1.067,
				0.5,
				1.1,
				0.5,
				1,
				1.122,
				0.5,
				1.144,
				1,
				1.167,
				1,
				1,
				1.389,
				1,
				1.611,
				0,
				1.833,
				0,
				1,
				1.856,
				0,
				1.878,
				0,
				1.9,
				0,
				1,
				1.911,
				0,
				1.922,
				0,
				1.933,
				0,
				1,
				1.956,
				0,
				1.978,
				1,
				2,
				1,
				1,
				2.033,
				1,
				2.067,
				0.5,
				2.1,
				0.5,
				1,
				2.122,
				0.5,
				2.144,
				1,
				2.167,
				1,
				0,
				2.667,
				1
			]
		},
		{
			"Target": "Parameter",
			"Id": "Param6",
			"Segments": [
				0,
				2,
				1,
				0.222,
				2,
				0.444,
				0.888,
				0.667,
				0,
				1,
				0.889,
				-0.888,
				1.111,
				-1,
				1.333,
				-1,
				1,
				1.556,
				-1,
				1.778,
				0.5,
				2,
				0.5,
				1,
				2.222,
				0.5,
				2.444,
				0,
				2.667,
				0
			]
		},
		{
			"Target": "Parameter",
			"Id": "Param",
			"Segments": [
				0,
				0,
				0,
				2.667,
				0
			]
		},
		{
			"Target": "Parameter",
			"Id": "Param2",
			"Segments": [
				0,
				0,
				0,
				2.667,
				0
			]
		},
		{
			"Target": "Parameter",
			"Id": "ParamEyeBallX",
			"Segments": [
				0,
				0,
				1,
				0.011,
				0,
				0.022,
				-0.1,
				0.033,
				-0.1,
				1,
				0.056,
				-0.1,
				0.078,
				-0.1,
				0.1,
				-0.1,
				1,
				0.111,
				-0.1,
				0.122,
				0,
				0.133,
				0,
				1,
				0.144,
				0,
				0.156,
				0,
				0.167,
				0,
				1,
				0.178,
				0,
				0.189,
				0,
				0.2,
				0,
				1,
				0.211,
				0,
				0.222,
				0,
				0.233,
				0,
				1,
				0.244,
				0,
				0.256,
				-0.1,
				0.267,
				-0.1,
				1,
				0.289,
				-0.1,
				0.311,
				0,
				0.333,
				0,
				1,
				0.344,
				0,
				0.356,
				0,
				0.367,
				0,
				1,
				0.378,
				0,
				0.389,
				0,
				0.4,
				0,
				1,
				0.422,
				0,
				0.444,
				-0.1,
				0.467,
				-0.1,
				1,
				0.478,
				-0.1,
				0.489,
				-0.1,
				0.5,
				-0.1,
				1,
				0.511,
				-0.1,
				0.522,
				0,
				0.533,
				0,
				1,
				0.544,
				0,
				0.556,
				0,
				0.567,
				0,
				1,
				0.578,
				0,
				0.589,
				0,
				0.6,
				0,
				1,
				0.611,
				0,
				0.622,
				0,
				0.633,
				0,
				1,
				0.644,
				0,
				0.656,
				0,
				0.667,
				0,
				1,
				0.678,
				0,
				0.689,
				0,
				0.7,
				0,
				1,
				0.711,
				0,
				0.722,
				0,
				0.733,
				0,
				1,
				0.744,
				0,
				0.756,
				0.111,
				0.767,
				0.2,
				1,
				0.778,
				0.289,
				0.789,
				0.3,
				0.8,
				0.3,
				1,
				0.811,
				0.3,
				0.822,
				0.3,
				0.833,
				0.3,
				1,
				0.844,
				0.3,
				0.856,
				0.367,
				0.867,
				0.5,
				1,
				0.878,
				0.633,
				0.889,
				0.7,
				0.9,
				0.7,
				1,
				0.911,
				0.7,
				0.922,
				0.655,
				0.933,
				0.6,
				1,
				0.956,
				0.491,
				0.978,
				0.386,
				1,
				0.3,
				1,
				1.011,
				0.257,
				1.022,
				0.244,
				1.033,
				0.2,
				1,
				1.044,
				0.156,
				1.056,
				0.044,
				1.067,
				0,
				1,
				1.078,
				-0.044,
				1.089,
				-0.057,
				1.1,
				-0.1,
				1,
				1.122,
				-0.186,
				1.144,
				-0.291,
				1.167,
				-0.4,
				1,
				1.178,
				-0.455,
				1.189,
				-0.5,
				1.2,
				-0.5,
				1,
				1.211,
				-0.5,
				1.222,
				-0.5,
				1.233,
				-0.5,
				1,
				1.244,
				-0.5,
				1.256,
				-0.422,
				1.267,
				-0.4,
				1,
				1.289,
				-0.356,
				1.311,
				-0.344,
				1.333,
				-0.3,
				1,
				1.344,
				-0.278,
				1.356,
				-0.14,
				1.367,
				-0.1,
				1,
				1.389,
				-0.02,
				1.411,
				0,
				1.433,
				0,
				1,
				1.467,
				0,
				1.5,
				0,
				1.533,
				0,
				1,
				1.544,
				0,
				1.556,
				0,
				1.567,
				0,
				1,
				1.578,
				0,
				1.589,
				-0.1,
				1.6,
				-0.1,
				1,
				1.611,
				-0.1,
				1.622,
				0,
				1.633,
				0,
				1,
				1.644,
				0,
				1.656,
				-0.1,
				1.667,
				-0.1,
				1,
				1.678,
				-0.1,
				1.689,
				0,
				1.7,
				0,
				1,
				1.722,
				0,
				1.744,
				0,
				1.767,
				0,
				1,
				1.778,
				0,
				1.789,
				-0.1,
				1.8,
				-0.1,
				1,
				1.822,
				-0.1,
				1.844,
				0,
				1.867,
				0,
				1,
				1.878,
				0,
				1.889,
				0,
				1.9,
				0,
				1,
				1.922,
				0,
				1.944,
				0,
				1.967,
				0,
				1,
				1.978,
				0,
				1.989,
				-0.1,
				2,
				-0.1,
				1,
				2.022,
				-0.1,
				2.044,
				-0.1,
				2.067,
				-0.1,
				1,
				2.078,
				-0.1,
				2.089,
				0,
				2.1,
				0,
				1,
				2.122,
				0,
				2.144,
				0,
				2.167,
				0,
				1,
				2.178,
				0,
				2.189,
				-0.1,
				2.2,
				-0.1,
				1,
				2.211,
				-0.1,
				2.222,
				-0.1,
				2.233,
				-0.1,
				1,
				2.244,
				-0.1,
				2.256,
				0,
				2.267,
				0,
				1,
				2.278,
				0,
				2.289,
				0,
				2.3,
				0,
				1,
				2.311,
				0,
				2.322,
				0,
				2.333,
				0,
				1,
				2.344,
				0,
				2.356,
				0,
				2.367,
				0,
				1,
				2.378,
				0,
				2.389,
				0,
				2.4,
				0,
				1,
				2.422,
				0,
				2.444,
				0,
				2.467,
				0,
				1,
				2.478,
				0,
				2.489,
				0,
				2.5,
				0,
				1,
				2.511,
				0,
				2.522,
				0,
				2.533,
				0,
				1,
				2.544,
				0,
				2.556,
				0,
				2.567,
				0,
				1,
				2.578,
				0,
				2.589,
				0,
				2.6,
				0,
				1,
				2.611,
				0,
				2.622,
				-0.1,
				2.633,
				-0.1,
				1,
				2.644,
				-0.1,
				2.656,
				0,
				2.667,
				0
			]
		},
		{
			"Target": "Parameter",
			"Id": "ParamEyeBallY",
			"Segments": [
				0,
				0,
				1,
				0.011,
				0,
				0.022,
				0,
				0.033,
				0,
				1,
				0.044,
				0,
				0.056,
				0,
				0.067,
				0,
				1,
				0.078,
				0,
				0.089,
				0,
				0.1,
				0,
				1,
				0.111,
				0,
				0.122,
				0,
				0.133,
				0,
				1,
				0.144,
				0,
				0.156,
				0,
				0.167,
				0,
				1,
				0.178,
				0,
				0.189,
				0,
				0.2,
				0,
				1,
				0.211,
				0,
				0.222,
				0,
				0.233,
				0,
				1,
				0.244,
				0,
				0.256,
				0,
				0.267,
				0,
				1,
				0.289,
				0,
				0.311,
				0,
				0.333,
				0,
				1,
				0.344,
				0,
				0.356,
				0,
				0.367,
				0,
				1,
				0.378,
				0,
				0.389,
				0,
				0.4,
				0,
				1,
				0.422,
				0,
				0.444,
				0.1,
				0.467,
				0.1,
				1,
				0.478,
				0.1,
				0.489,
				0.1,
				0.5,
				0.1,
				1,
				0.511,
				0.1,
				0.522,
				0,
				0.533,
				0,
				1,
				0.544,
				0,
				0.556,
				0,
				0.567,
				0,
				1,
				0.578,
				0,
				0.589,
				0,
				0.6,
				0,
				1,
				0.611,
				0,
				0.622,
				0,
				0.633,
				0,
				1,
				0.644,
				0,
				0.656,
				0,
				0.667,
				0,
				1,
				0.678,
				0,
				0.689,
				0,
				0.7,
				0,
				1,
				0.711,
				0,
				0.722,
				-0.02,
				0.733,
				-0.1,
				1,
				0.744,
				-0.18,
				0.756,
				-0.244,
				0.767,
				-0.4,
				1,
				0.778,
				-0.556,
				0.789,
				-1,
				0.8,
				-1,
				1,
				0.811,
				-1,
				0.822,
				-0.828,
				0.833,
				-0.6,
				1,
				0.844,
				-0.372,
				0.856,
				-0.133,
				0.867,
				0,
				1,
				0.878,
				0.133,
				0.889,
				0.175,
				0.9,
				0.3,
				1,
				0.911,
				0.425,
				0.922,
				0.755,
				0.933,
				0.8,
				1,
				0.956,
				0.891,
				0.978,
				0.9,
				1,
				0.9,
				1,
				1.011,
				0.9,
				1.022,
				0.7,
				1.033,
				0.7,
				1,
				1.044,
				0.7,
				1.056,
				1,
				1.067,
				1,
				1,
				1.078,
				1,
				1.089,
				1,
				1.1,
				0.9,
				1,
				1.122,
				0.649,
				1.144,
				0.2,
				1.167,
				0.2,
				1,
				1.178,
				0.2,
				1.189,
				0.2,
				1.2,
				0.2,
				1,
				1.211,
				0.2,
				1.222,
				0.004,
				1.233,
				-0.2,
				1,
				1.244,
				-0.404,
				1.256,
				-0.617,
				1.267,
				-0.7,
				1,
				1.289,
				-0.866,
				1.311,
				-0.9,
				1.333,
				-0.9,
				1,
				1.344,
				-0.9,
				1.356,
				-0.78,
				1.367,
				-0.7,
				1,
				1.389,
				-0.54,
				1.411,
				-0.383,
				1.433,
				-0.3,
				1,
				1.467,
				-0.175,
				1.5,
				-0.123,
				1.533,
				0,
				1,
				1.544,
				0.041,
				1.556,
				0.2,
				1.567,
				0.2,
				1,
				1.578,
				0.2,
				1.589,
				0.205,
				1.6,
				0.1,
				1,
				1.611,
				-0.005,
				1.622,
				-0.3,
				1.633,
				-0.3,
				1,
				1.644,
				-0.3,
				1.656,
				-0.005,
				1.667,
				0.1,
				1,
				1.678,
				0.205,
				1.689,
				0.2,
				1.7,
				0.2,
				1,
				1.722,
				0.2,
				1.744,
				0.1,
				1.767,
				0.1,
				1,
				1.778,
				0.1,
				1.789,
				0.1,
				1.8,
				0.1,
				1,
				1.822,
				0.1,
				1.844,
				0,
				1.867,
				0,
				1,
				1.878,
				0,
				1.889,
				0,
				1.9,
				0,
				1,
				1.922,
				0,
				1.944,
				0,
				1.967,
				0,
				1,
				1.978,
				0,
				1.989,
				0,
				2,
				0,
				1,
				2.022,
				0,
				2.044,
				0,
				2.067,
				0,
				1,
				2.078,
				0,
				2.089,
				0,
				2.1,
				0,
				1,
				2.122,
				0,
				2.144,
				0,
				2.167,
				0,
				1,
				2.178,
				0,
				2.189,
				0,
				2.2,
				0,
				1,
				2.211,
				0,
				2.222,
				0,
				2.233,
				0,
				1,
				2.244,
				0,
				2.256,
				0,
				2.267,
				0,
				1,
				2.278,
				0,
				2.289,
				0,
				2.3,
				0,
				1,
				2.311,
				0,
				2.322,
				0,
				2.333,
				0,
				1,
				2.344,
				0,
				2.356,
				0,
				2.367,
				0,
				1,
				2.378,
				0,
				2.389,
				0,
				2.4,
				0,
				1,
				2.422,
				0,
				2.444,
				0,
				2.467,
				0,
				1,
				2.478,
				0,
				2.489,
				0,
				2.5,
				0,
				1,
				2.511,
				0,
				2.522,
				0,
				2.533,
				0,
				1,
				2.544,
				0,
				2.556,
				0,
				2.567,
				0,
				1,
				2.578,
				0,
				2.589,
				0,
				2.6,
				0,
				1,
				2.611,
				0,
				2.622,
				0,
				2.633,
				0,
				1,
				2.644,
				0,
				2.656,
				0,
				2.667,
				0
			]
		},
		{
			"Target": "Parameter",
			"Id": "Param4",
			"Segments": [
				0,
				1,
				1,
				0.022,
				1,
				0.044,
				0.7,
				0.067,
				0.7,
				1,
				0.078,
				0.7,
				0.089,
				1,
				0.1,
				1,
				1,
				0.4,
				1,
				0.7,
				1,
				1,
				1,
				1,
				1.022,
				1,
				1.044,
				0.7,
				1.067,
				0.7,
				1,
				1.078,
				0.7,
				1.089,
				1,
				1.1,
				1,
				1,
				1.178,
				1,
				1.256,
				1,
				1.333,
				1,
				1,
				1.356,
				1,
				1.378,
				0.7,
				1.4,
				0.7,
				1,
				1.411,
				0.7,
				1.422,
				1,
				1.433,
				1,
				1,
				1.622,
				1,
				1.811,
				1,
				2,
				1,
				1,
				2.022,
				1,
				2.044,
				0.7,
				2.067,
				0.7,
				1,
				2.078,
				0.7,
				2.089,
				1,
				2.1,
				1,
				1,
				2.233,
				1,
				2.367,
				1,
				2.5,
				1,
				1,
				2.522,
				1,
				2.544,
				0.7,
				2.567,
				0.7,
				1,
				2.578,
				0.7,
				2.589,
				1,
				2.6,
				1,
				0,
				2.667,
				1
			]
		},
		{
			"Target": "Parameter",
			"Id": "ParamMouthForm",
			"Segments": [
				0,
				0.5,
				0,
				0.167,
				0.5,
				1,
				0.222,
				0.5,
				0.278,
				0.9,
				0.333,
				0.9,
				1,
				0.356,
				0.9,
				0.378,
				0.933,
				0.4,
				0.8,
				1,
				0.444,
				0.535,
				0.489,
				0,
				0.533,
				0,
				1,
				0.556,
				0,
				0.578,
				0.016,
				0.6,
				0.2,
				1,
				0.611,
				0.292,
				0.622,
				1,
				0.633,
				1,
				1,
				0.656,
				1,
				0.678,
				0.922,
				0.7,
				0.8,
				1,
				0.744,
				0.557,
				0.789,
				0.287,
				0.833,
				0.1,
				1,
				0.856,
				0.007,
				0.878,
				0,
				0.9,
				0,
				1,
				0.933,
				0,
				0.967,
				0.069,
				1,
				0.3,
				1,
				1.022,
				0.454,
				1.044,
				0.6,
				1.067,
				0.6,
				1,
				1.078,
				0.6,
				1.089,
				0.1,
				1.1,
				0.1,
				1,
				1.133,
				0.1,
				1.167,
				0.9,
				1.2,
				0.9,
				1,
				1.222,
				0.9,
				1.244,
				0.4,
				1.267,
				0.4,
				1,
				1.3,
				0.4,
				1.333,
				0.433,
				1.367,
				0.6,
				1,
				1.378,
				0.656,
				1.389,
				1,
				1.4,
				1,
				1,
				1.422,
				1,
				1.444,
				0.137,
				1.467,
				0.1,
				1,
				1.522,
				0.009,
				1.578,
				0,
				1.633,
				0,
				1,
				1.7,
				0,
				1.767,
				0.028,
				1.833,
				0.2,
				1,
				1.856,
				0.257,
				1.878,
				1,
				1.9,
				1,
				1,
				1.911,
				1,
				1.922,
				0.9,
				1.933,
				0.9,
				1,
				1.944,
				0.9,
				1.956,
				1,
				1.967,
				1,
				1,
				1.989,
				1,
				2.011,
				0.596,
				2.033,
				0.2,
				1,
				2.044,
				0.002,
				2.056,
				0,
				2.067,
				0,
				1,
				2.089,
				0,
				2.111,
				0.1,
				2.133,
				0.3,
				1,
				2.156,
				0.5,
				2.178,
				0.6,
				2.2,
				0.6,
				1,
				2.211,
				0.6,
				2.222,
				0.2,
				2.233,
				0.2,
				1,
				2.256,
				0.2,
				2.278,
				1,
				2.3,
				1,
				1,
				2.322,
				1,
				2.344,
				0.321,
				2.367,
				0.2,
				1,
				2.378,
				0.139,
				2.389,
				0.154,
				2.4,
				0.127,
				1,
				2.433,
				0.046,
				2.467,
				0,
				2.5,
				0,
				0,
				2.667,
				0
			]
		},
		{
			"Target": "Parameter",
			"Id": "ParamMouthOpenY",
			"Segments": [
				0,
				0.8,
				0,
				2.667,
				0.8
			]
		},
		{
			"Target": "Parameter",
			"Id": "ParamBreath",
			"Segments": [
				0,
				0,
				1,
				0.444,
				0,
				0.889,
				0,
				1.333,
				0,
				1,
				1.778,
				0,
				2.222,
				1,
				2.667,
				1
			]
		},
		{
			"Target": "Parameter",
			"Id": "ParamHairFront",
			"Segments": [
				0,
				0,
				1,
				0.222,
				0,
				0.444,
				0.2,
				0.667,
				0.2,
				1,
				0.889,
				0.2,
				1.111,
				0,
				1.333,
				0,
				0,
				2.667,
				0
			]
		},
		{
			"Target": "Parameter",
			"Id": "ParamHairSide",
			"Segments": [
				0,
				0,
				1,
				0.222,
				0,
				0.444,
				-0.2,
				0.667,
				-0.2,
				1,
				0.889,
				-0.2,
				1.111,
				0,
				1.333,
				0,
				0,
				2.667,
				0
			]
		},
		{
			"Target": "Parameter",
			"Id": "Param7",
			"Segments": [
				0,
				0.1,
				1,
				0.222,
				0.1,
				0.444,
				0.162,
				0.667,
				0.162,
				1,
				0.889,
				0.162,
				1.111,
				0,
				1.333,
				0,
				0,
				2.667,
				0
			]
		},
		{
			"Target": "Parameter",
			"Id": "Param8",
			"Segments": [
				0,
				0,
				0,
				2.667,
				0
			]
		},
		{
			"Target": "Parameter",
			"Id": "anger",
			"Segments": [
				0,
				1,
				0,
				2.667,
				1
			]
		},
		{
			"Target": "Parameter",
			"Id": "anger2",
			"Segments": [
				0,
				0,
				1,
				0.222,
				0,
				0.444,
				0.4,
				0.667,
				0.4,
				1,
				0.889,
				0.4,
				1.111,
				0.267,
				1.333,
				0,
				1,
				1.556,
				-0.267,
				1.778,
				-0.4,
				2,
				-0.4,
				1,
				2.222,
				-0.4,
				2.444,
				0,
				2.667,
				0
			]
		}
	]
}