{
	"Version": 3,
	"Meta": {
		"Duration": 2.667,
		"Fps": 30.0,
		"Loop": true,
		"AreBeziersRestricted": true,
		"CurveCount": 12,
		"TotalSegmentCount": 32,
		"TotalPointCount": 92,
		"UserDataCount": 0,
		"TotalUserDataSize": 0
	},
	"Curves": [
		{
			"Target": "Parameter",
			"Id": "ParamEyeLOpen",
			"Segments": [
				0,
				1,
				1,
				0.111,
				1,
				0.222,
				1,
				0.333,
				1,
				1,
				0.344,
				1,
				0.356,
				0,
				0.367,
				0,
				1,
				0.4,
				0,
				0.433,
				0.308,
				0.467,
				0.8,
				1,
				0.478,
				0.964,
				0.489,
				1,
				0.5,
				1,
				0,
				2.667,
				1
			]
		},
		{
			"Target": "Parameter",
			"Id": "ParamEyeROpen",
			"Segments": [
				0,
				0,
				0,
				2.667,
				0
			]
		},
		{
			"Target": "Parameter",
			"Id": "Param6",
			"Segments": [
				0,
				1,
				1,
				0.222,
				1,
				0.444,
				-0.16,
				0.667,
				-0.16,
				1,
				0.889,
				-0.16,
				1.111,
				-0.13,
				1.333,
				0,
				1,
				1.556,
				0.13,
				1.778,
				0.278,
				2,
				0.5,
				1,
				2.222,
				0.722,
				2.444,
				1,
				2.667,
				1
			]
		},
		{
			"Target": "Parameter",
			"Id": "Param",
			"Segments": [
				0,
				1,
				1,
				0.044,
				1,
				0.089,
				0,
				0.133,
				0,
				0,
				2.667,
				0
			]
		},
		{
			"Target": "Parameter",
			"Id": "Param2",
			"Segments": [
				0,
				1,
				1,
				0.044,
				1,
				0.089,
				0,
				0.133,
				0,
				0,
				2.667,
				0
			]
		},
		{
			"Target": "Parameter",
			"Id": "ParamEyeRSmile",
			"Segments": [
				0,
				0,
				0,
				2.667,
				0
			]
		},
		{
			"Target": "Parameter",
			"Id": "Param4",
			"Segments": [
				0,
				-1,
				0,
				2.667,
				-1
			]
		},
		{
			"Target": "Parameter",
			"Id": "ParamMouthOpenY",
			"Segments": [
				0,
				0.5,
				0,
				0.2,
				0.5,
				1,
				0.211,
				0.5,
				0.222,
				0.556,
				0.233,
				0.6,
				1,
				0.244,
				0.644,
				0.256,
				0.667,
				0.267,
				0.7,
				1,
				0.289,
				0.767,
				0.311,
				0.8,
				0.333,
				0.8,
				0,
				2.667,
				0.8
			]
		},
		{
			"Target": "Parameter",
			"Id": "ParamBreath",
			"Segments": [
				0,
				0,
				1,
				0.444,
				0,
				0.889,
				1,
				1.333,
				1,
				1,
				1.778,
				1,
				2.222,
				0,
				2.667,
				0
			]
		},
		{
			"Target": "Parameter",
			"Id": "ParamHairFront",
			"Segments": [
				0,
				0,
				1,
				0.222,
				0,
				0.444,
				-0.3,
				0.667,
				-0.3,
				1,
				0.889,
				-0.3,
				1.111,
				-0.1,
				1.333,
				0,
				1,
				1.556,
				0.1,
				1.778,
				0.1,
				2,
				0.1,
				1,
				2.222,
				0.1,
				2.444,
				0,
				2.667,
				0
			]
		},
		{
			"Target": "Parameter",
			"Id": "ParamHairSide",
			"Segments": [
				0,
				0,
				1,
				0.222,
				0,
				0.444,
				-0.3,
				0.667,
				-0.3,
				1,
				0.889,
				-0.3,
				1.111,
				0,
				1.333,
				0,
				1,
				1.556,
				0,
				1.778,
				-0.1,
				2,
				-0.1,
				1,
				2.222,
				-0.1,
				2.444,
				0,
				2.667,
				0
			]
		},
		{
			"Target": "Parameter",
			"Id": "Param7",
			"Segments": [
				0,
				0,
				1,
				0.889,
				0,
				1.778,
				0,
				2.667,
				0
			]
		}
	]
}