{
	"Version": 3,
	"Meta": {
		"Duration": 1.3,
		"Fps": 30.0,
		"Loop": true,
		"AreBeziersRestricted": true,
		"CurveCount": 12,
		"TotalSegmentCount": 42,
		"TotalPointCount": 122,
		"UserDataCount": 0,
		"TotalUserDataSize": 0
	},
	"Curves": [
		{
			"Target": "Parameter",
			"Id": "ParamEyeLOpen",
			"Segments": [
				0,
				1,
				0,
				0.333,
				1,
				1,
				0.344,
				1,
				0.356,
				0,
				0.367,
				0,
				1,
				0.4,
				0,
				0.433,
				0.308,
				0.467,
				0.8,
				1,
				0.478,
				0.964,
				0.489,
				1,
				0.5,
				1,
				0,
				1.3,
				1
			]
		},
		{
			"Target": "Parameter",
			"Id": "Param5",
			"Segments": [
				0,
				1,
				1,
				0.1,
				1,
				0.2,
				0.893,
				0.3,
				0.6,
				1,
				0.311,
				0.567,
				0.322,
				0,
				0.333,
				0,
				0,
				1.3,
				0
			]
		},
		{
			"Target": "Parameter",
			"Id": "Param6",
			"Segments": [
				0,
				0,
				1,
				0.222,
				0,
				0.444,
				2,
				0.667,
				2,
				1,
				0.878,
				2,
				1.089,
				1.899,
				1.3,
				1.127
			]
		},
		{
			"Target": "Parameter",
			"Id": "Param",
			"Segments": [
				0,
				0.1,
				1,
				0.1,
				0.1,
				0.2,
				0.303,
				0.3,
				0.8,
				1,
				0.311,
				0.855,
				0.322,
				1,
				0.333,
				1,
				0,
				1.3,
				1
			]
		},
		{
			"Target": "Parameter",
			"Id": "Param2",
			"Segments": [
				0,
				0,
				1,
				0.1,
				0,
				0.2,
				0.236,
				0.3,
				0.8,
				1,
				0.311,
				0.863,
				0.322,
				1,
				0.333,
				1,
				0,
				1.3,
				1
			]
		},
		{
			"Target": "Parameter",
			"Id": "Param4",
			"Segments": [
				0,
				-1,
				0,
				1.3,
				-1
			]
		},
		{
			"Target": "Parameter",
			"Id": "ParamCheek",
			"Segments": [
				0,
				1,
				1,
				0.1,
				1,
				0.2,
				0.947,
				0.3,
				0.8,
				1,
				0.311,
				0.784,
				0.322,
				0,
				0.333,
				0,
				0,
				1.3,
				0
			]
		},
		{
			"Target": "Parameter",
			"Id": "Param3",
			"Segments": [
				0,
				1,
				1,
				0.111,
				1,
				0.222,
				-0.1,
				0.333,
				-0.1,
				1,
				0.389,
				-0.1,
				0.444,
				0,
				0.5,
				0,
				0,
				1.3,
				0
			]
		},
		{
			"Target": "Parameter",
			"Id": "ParamBreath",
			"Segments": [
				0,
				1,
				1,
				0.433,
				1,
				0.867,
				0.049,
				1.3,
				0.002
			]
		},
		{
			"Target": "Parameter",
			"Id": "ParamHairFront",
			"Segments": [
				0,
				0,
				1,
				0.111,
				0,
				0.222,
				0.1,
				0.333,
				0.1,
				1,
				0.356,
				0.1,
				0.378,
				0.067,
				0.4,
				0,
				1,
				0.411,
				-0.033,
				0.422,
				-0.067,
				0.433,
				-0.1,
				1,
				0.456,
				-0.167,
				0.478,
				-0.2,
				0.5,
				-0.2,
				1,
				0.522,
				-0.2,
				0.544,
				-0.122,
				0.567,
				-0.1,
				1,
				0.611,
				-0.056,
				0.656,
				-0.031,
				0.7,
				0,
				1,
				0.8,
				0.069,
				0.9,
				0.1,
				1,
				0.1,
				1,
				1.1,
				0.1,
				1.2,
				-0.1,
				1.3,
				-0.1
			]
		},
		{
			"Target": "Parameter",
			"Id": "ParamHairSide",
			"Segments": [
				0,
				0,
				1,
				0.111,
				0,
				0.222,
				-0.2,
				0.333,
				-0.2,
				1,
				0.356,
				-0.2,
				0.378,
				-0.133,
				0.4,
				0,
				1,
				0.411,
				0.067,
				0.422,
				0.1,
				0.433,
				0.1,
				1,
				0.456,
				0.1,
				0.478,
				-0.1,
				0.5,
				-0.1,
				1,
				0.522,
				-0.1,
				0.544,
				-0.1,
				0.567,
				-0.1,
				1,
				0.611,
				-0.1,
				0.656,
				0.1,
				0.7,
				0.1,
				1,
				0.8,
				0.1,
				0.9,
				-0.1,
				1,
				-0.1,
				1,
				1.1,
				-0.1,
				1.2,
				-0.1,
				1.3,
				-0.1
			]
		},
		{
			"Target": "Parameter",
			"Id": "Param7",
			"Segments": [
				0,
				0.1,
				1,
				0.222,
				0.1,
				0.444,
				0.162,
				0.667,
				0.162,
				1,
				0.878,
				0.162,
				1.089,
				0.016,
				1.3,
				0.001
			]
		}
	]
}