{
	"Version": 3,
	"Meta": {
		"Duration": 2.667,
		"Fps": 30.0,
		"Loop": true,
		"AreBeziersRestricted": true,
		"CurveCount": 18,
		"TotalSegmentCount": 79,
		"TotalPointCount": 229,
		"UserDataCount": 0,
		"TotalUserDataSize": 0
	},
	"Curves": [
		{
			"Target": "Parameter",
			"Id": "ParamEyeLOpen",
			"Segments": [
				0,
				0.9,
				1,
				0.444,
				0.9,
				0.889,
				0.9,
				1.333,
				0.9,
				1,
				1.556,
				0.9,
				1.778,
				1,
				2,
				1,
				1,
				2.011,
				1,
				2.022,
				0,
				2.033,
				0,
				1,
				2.067,
				0,
				2.1,
				0.426,
				2.133,
				0.8,
				1,
				2.144,
				0.925,
				2.156,
				0.9,
				2.167,
				0.9,
				0,
				2.667,
				0.9
			]
		},
		{
			"Target": "Parameter",
			"Id": "Param5",
			"Segments": [
				0,
				0.3,
				0,
				2.667,
				0.3
			]
		},
		{
			"Target": "Parameter",
			"Id": "Param6",
			"Segments": [
				0,
				0,
				1,
				0.222,
				0,
				0.444,
				1.467,
				0.667,
				2,
				1,
				0.889,
				2.533,
				1.111,
				2.41,
				1.333,
				3,
				1,
				1.556,
				3.59,
				1.778,
				7,
				2,
				7,
				1,
				2.222,
				7,
				2.444,
				0,
				2.667,
				0
			]
		},
		{
			"Target": "Parameter",
			"Id": "Param",
			"Segments": [
				0,
				0,
				0,
				2.667,
				0
			]
		},
		{
			"Target": "Parameter",
			"Id": "Param2",
			"Segments": [
				0,
				0,
				0,
				2.667,
				0
			]
		},
		{
			"Target": "Parameter",
			"Id": "ParamEyeBallX",
			"Segments": [
				0,
				0,
				1,
				0.222,
				0,
				0.444,
				-0.3,
				0.667,
				-0.3,
				1,
				0.822,
				-0.3,
				0.978,
				0.6,
				1.133,
				0.6,
				1,
				1.167,
				0.6,
				1.2,
				0.6,
				1.233,
				0.6,
				1,
				1.267,
				0.6,
				1.3,
				-0.3,
				1.333,
				-0.3,
				1,
				1.556,
				-0.3,
				1.778,
				0.7,
				2,
				0.7,
				1,
				2.222,
				0.7,
				2.444,
				0,
				2.667,
				0
			]
		},
		{
			"Target": "Parameter",
			"Id": "ParamEyeBallY",
			"Segments": [
				0,
				0.1,
				1,
				0.222,
				0.1,
				0.444,
				-0.482,
				0.667,
				-0.8,
				1,
				0.822,
				-1,
				0.978,
				-1,
				1.133,
				-1,
				1,
				1.167,
				-1,
				1.2,
				-1,
				1.233,
				-1,
				1,
				1.267,
				-1,
				1.3,
				-0.8,
				1.333,
				-0.8,
				1,
				1.556,
				-0.8,
				1.778,
				-1,
				2,
				-1,
				1,
				2.222,
				-1,
				2.444,
				0,
				2.667,
				0
			]
		},
		{
			"Target": "Parameter",
			"Id": "Param4",
			"Segments": [
				0,
				1,
				0,
				2.667,
				1
			]
		},
		{
			"Target": "Parameter",
			"Id": "ParamMouthForm",
			"Segments": [
				0,
				0.5,
				0,
				0.167,
				0.5,
				1,
				0.222,
				0.5,
				0.278,
				0.9,
				0.333,
				0.9,
				1,
				0.356,
				0.9,
				0.378,
				0.933,
				0.4,
				0.8,
				1,
				0.444,
				0.535,
				0.489,
				0,
				0.533,
				0,
				1,
				0.556,
				0,
				0.578,
				0.016,
				0.6,
				0.2,
				1,
				0.611,
				0.292,
				0.622,
				1,
				0.633,
				1,
				1,
				0.656,
				1,
				0.678,
				0.922,
				0.7,
				0.8,
				1,
				0.744,
				0.557,
				0.789,
				0.287,
				0.833,
				0.1,
				1,
				0.856,
				0.007,
				0.878,
				0,
				0.9,
				0,
				1,
				0.933,
				0,
				0.967,
				0.069,
				1,
				0.3,
				1,
				1.022,
				0.454,
				1.044,
				0.6,
				1.067,
				0.6,
				1,
				1.078,
				0.6,
				1.089,
				0.1,
				1.1,
				0.1,
				1,
				1.133,
				0.1,
				1.167,
				0.9,
				1.2,
				0.9,
				1,
				1.222,
				0.9,
				1.244,
				0.4,
				1.267,
				0.4,
				1,
				1.3,
				0.4,
				1.333,
				0.433,
				1.367,
				0.6,
				1,
				1.378,
				0.656,
				1.389,
				1,
				1.4,
				1,
				1,
				1.422,
				1,
				1.444,
				0.137,
				1.467,
				0.1,
				1,
				1.522,
				0.009,
				1.578,
				0,
				1.633,
				0,
				1,
				1.7,
				0,
				1.767,
				0.028,
				1.833,
				0.2,
				1,
				1.856,
				0.257,
				1.878,
				1,
				1.9,
				1,
				1,
				1.911,
				1,
				1.922,
				0.9,
				1.933,
				0.9,
				1,
				1.944,
				0.9,
				1.956,
				1,
				1.967,
				1,
				1,
				1.989,
				1,
				2.011,
				0.596,
				2.033,
				0.2,
				1,
				2.044,
				0.002,
				2.056,
				0,
				2.067,
				0,
				1,
				2.089,
				0,
				2.111,
				0.1,
				2.133,
				0.3,
				1,
				2.156,
				0.5,
				2.178,
				0.6,
				2.2,
				0.6,
				1,
				2.211,
				0.6,
				2.222,
				0.2,
				2.233,
				0.2,
				1,
				2.256,
				0.2,
				2.278,
				1,
				2.3,
				1,
				1,
				2.322,
				1,
				2.344,
				0.321,
				2.367,
				0.2,
				1,
				2.378,
				0.139,
				2.389,
				0.154,
				2.4,
				0.127,
				1,
				2.433,
				0.046,
				2.467,
				0,
				2.5,
				0,
				0,
				2.667,
				0
			]
		},
		{
			"Target": "Parameter",
			"Id": "Anny",
			"Segments": [
				0,
				1,
				0,
				2.667,
				1
			]
		},
		{
			"Target": "Parameter",
			"Id": "Param3",
			"Segments": [
				0,
				0,
				1,
				0.111,
				0,
				0.222,
				-0.3,
				0.333,
				-0.3,
				1,
				0.667,
				-0.3,
				1,
				0.6,
				1.333,
				0.6,
				1,
				1.611,
				0.6,
				1.889,
				0,
				2.167,
				0,
				0,
				2.667,
				0
			]
		},
		{
			"Target": "Parameter",
			"Id": "ParamBreath",
			"Segments": [
				0,
				0,
				1,
				0.444,
				0,
				0.889,
				0,
				1.333,
				0,
				1,
				1.778,
				0,
				2.222,
				1,
				2.667,
				1
			]
		},
		{
			"Target": "Parameter",
			"Id": "ParamHairFront",
			"Segments": [
				0,
				0,
				1,
				0.222,
				0,
				0.444,
				0.2,
				0.667,
				0.2,
				1,
				0.889,
				0.2,
				1.111,
				0,
				1.333,
				0,
				0,
				2.667,
				0
			]
		},
		{
			"Target": "Parameter",
			"Id": "ParamHairSide",
			"Segments": [
				0,
				0,
				1,
				0.222,
				0,
				0.444,
				-0.2,
				0.667,
				-0.2,
				1,
				0.889,
				-0.2,
				1.111,
				0,
				1.333,
				0,
				0,
				2.667,
				0
			]
		},
		{
			"Target": "Parameter",
			"Id": "Param7",
			"Segments": [
				0,
				0.1,
				1,
				0.444,
				0.1,
				0.889,
				0.089,
				1.333,
				0,
				1,
				1.778,
				-0.089,
				2.222,
				-0.2,
				2.667,
				-0.2
			]
		},
		{
			"Target": "Parameter",
			"Id": "Param8",
			"Segments": [
				0,
				0,
				0,
				2.667,
				0
			]
		},
		{
			"Target": "Parameter",
			"Id": "anger",
			"Segments": [
				0,
				0,
				0,
				2.667,
				0
			]
		},
		{
			"Target": "Parameter",
			"Id": "anger2",
			"Segments": [
				0,
				-0.7,
				1,
				0.222,
				-0.7,
				0.444,
				-0.629,
				0.667,
				-0.4,
				1,
				0.889,
				-0.171,
				1.111,
				0,
				1.333,
				0,
				1,
				1.556,
				0,
				1.778,
				-0.4,
				2,
				-0.4,
				1,
				2.222,
				-0.4,
				2.444,
				0,
				2.667,
				0
			]
		}
	]
}