{
	"Version": 3,
	"Meta": {
		"Duration": 1.333,
		"Fps": 30.0,
		"Loop": true,
		"AreBeziersRestricted": true,
		"CurveCount": 11,
		"TotalSegmentCount": 25,
		"TotalPointCount": 78,
		"UserDataCount": 0,
		"TotalUserDataSize": 0
	},
	"Curves": [
		{
			"Target": "Parameter",
			"Id": "ParamEyeLOpen",
			"Segments": [
				0,
				1,
				0,
				1.333,
				1
			]
		},
		{
			"Target": "Parameter",
			"Id": "Param6",
			"Segments": [
				0,
				1,
				1,
				0.444,
				1,
				0.889,
				0.778,
				1.333,
				0.63
			]
		},
		{
			"Target": "Parameter",
			"Id": "Param",
			"Segments": [
				0,
				1,
				1,
				0.044,
				1,
				0.089,
				0,
				0.133,
				0,
				1,
				0.489,
				0,
				0.844,
				0,
				1.2,
				0,
				1,
				1.244,
				0,
				1.289,
				1,
				1.333,
				1
			]
		},
		{
			"Target": "Parameter",
			"Id": "Param2",
			"Segments": [
				0,
				1,
				1,
				0.044,
				1,
				0.089,
				0,
				0.133,
				0,
				1,
				0.489,
				0,
				0.844,
				0,
				1.2,
				0,
				1,
				1.244,
				0,
				1.289,
				1,
				1.333,
				1
			]
		},
		{
			"Target": "Parameter",
			"Id": "Param4",
			"Segments": [
				0,
				-1,
				0,
				1.333,
				-1
			]
		},
		{
			"Target": "Parameter",
			"Id": "ebup",
			"Segments": [
				0,
				0,
				1,
				0.056,
				0,
				0.111,
				1,
				0.167,
				1,
				1,
				0.5,
				1,
				0.833,
				1,
				1.167,
				1,
				1,
				1.222,
				1,
				1.278,
				0,
				1.333,
				0
			]
		},
		{
			"Target": "Parameter",
			"Id": "ParamMouthOpenY",
			"Segments": [
				0,
				0.1,
				0,
				0.167,
				0.1,
				1,
				0.222,
				0.1,
				0.278,
				0.2,
				0.333,
				0.2,
				1,
				0.6,
				0.2,
				0.867,
				0.2,
				1.133,
				0.2,
				1,
				1.144,
				0.2,
				1.156,
				0,
				1.167,
				0,
				0,
				1.333,
				0
			]
		},
		{
			"Target": "Parameter",
			"Id": "ParamBreath",
			"Segments": [
				0,
				0,
				1,
				0.056,
				0,
				0.111,
				1,
				0.167,
				1,
				1,
				0.5,
				1,
				0.833,
				0.878,
				1.167,
				0.5,
				1,
				1.222,
				0.437,
				1.278,
				0,
				1.333,
				0
			]
		},
		{
			"Target": "Parameter",
			"Id": "ParamHairFront",
			"Segments": [
				0,
				0,
				1,
				0.222,
				0,
				0.444,
				-0.3,
				0.667,
				-0.3,
				1,
				0.889,
				-0.3,
				1.111,
				-0.1,
				1.333,
				0
			]
		},
		{
			"Target": "Parameter",
			"Id": "ParamHairSide",
			"Segments": [
				0,
				0,
				1,
				0.222,
				0,
				0.444,
				-0.3,
				0.667,
				-0.3,
				1,
				0.889,
				-0.3,
				1.111,
				0,
				1.333,
				0
			]
		},
		{
			"Target": "Parameter",
			"Id": "Param7",
			"Segments": [
				0,
				0,
				1,
				0.444,
				0,
				0.889,
				0,
				1.333,
				0
			]
		}
	]
}