{
	"Version": 3,
	"Meta": {
		"Duration": 1.333,
		"Fps": 30.0,
		"Loop": true,
		"AreBeziersRestricted": true,
		"CurveCount": 14,
		"TotalSegmentCount": 26,
		"TotalPointCount": 70,
		"UserDataCount": 0,
		"TotalUserDataSize": 0
	},
	"Curves": [
		{
			"Target": "Parameter",
			"Id": "ParamEyeLOpen",
			"Segments": [
				0,
				1,
				0,
				0.167,
				1,
				1,
				0.2,
				1,
				0.233,
				0,
				0.267,
				0,
				1,
				0.278,
				0,
				0.289,
				0.594,
				0.3,
				0.8,
				1,
				0.311,
				1,
				0.322,
				1,
				0.333,
				1,
				1,
				0.389,
				1,
				0.444,
				1,
				0.5,
				1,
				0,
				1.333,
				1
			]
		},
		{
			"Target": "Parameter",
			"Id": "ParamEyeLSmile",
			"Segments": [
				0,
				1,
				1,
				0.111,
				1,
				0.222,
				0,
				0.333,
				0,
				0,
				1.333,
				0
			]
		},
		{
			"Target": "Parameter",
			"Id": "Param6",
			"Segments": [
				0,
				0,
				1,
				0.222,
				0,
				0.444,
				2,
				0.667,
				2,
				1,
				0.889,
				2,
				1.111,
				0,
				1.333,
				0
			]
		},
		{
			"Target": "Parameter",
			"Id": "Param",
			"Segments": [
				0,
				1,
				0,
				1.333,
				1
			]
		},
		{
			"Target": "Parameter",
			"Id": "Param2",
			"Segments": [
				0,
				1,
				0,
				1.333,
				1
			]
		},
		{
			"Target": "Parameter",
			"Id": "Param10",
			"Segments": [
				0,
				0.6,
				0,
				1.333,
				0.6
			]
		},
		{
			"Target": "Parameter",
			"Id": "Param4",
			"Segments": [
				0,
				-1,
				0,
				1.333,
				-1
			]
		},
		{
			"Target": "Parameter",
			"Id": "ParamMouthForm",
			"Segments": [
				0,
				0,
				0,
				1.333,
				0
			]
		},
		{
			"Target": "Parameter",
			"Id": "ParamCheek2",
			"Segments": [
				0,
				1,
				1,
				0.111,
				1,
				0.222,
				0,
				0.333,
				0,
				0,
				1.333,
				0
			]
		},
		{
			"Target": "Parameter",
			"Id": "ParamBreath",
			"Segments": [
				0,
				1,
				1,
				0.444,
				1,
				0.889,
				0,
				1.333,
				0
			]
		},
		{
			"Target": "Parameter",
			"Id": "ParamHairFront",
			"Segments": [
				0,
				-0.2,
				1,
				0.222,
				-0.2,
				0.444,
				-0.133,
				0.667,
				0,
				1,
				0.889,
				0.133,
				1.111,
				0.2,
				1.333,
				0.2
			]
		},
		{
			"Target": "Parameter",
			"Id": "ParamHairSide",
			"Segments": [
				0,
				0,
				1,
				0.222,
				0,
				0.444,
				-0.2,
				0.667,
				-0.2,
				1,
				0.889,
				-0.2,
				1.111,
				0,
				1.333,
				0
			]
		},
		{
			"Target": "Parameter",
			"Id": "Param7",
			"Segments": [
				0,
				0,
				0,
				0.033,
				0,
				1,
				0.211,
				0,
				0.389,
				0.162,
				0.567,
				0.162,
				1,
				0.822,
				0.162,
				1.078,
				0,
				1.333,
				0
			]
		},
		{
			"Target": "Parameter",
			"Id": "Param8",
			"Segments": [
				0,
				0,
				0,
				1.333,
				0
			]
		}
	]
}