{
	"Version": 3,
	"Meta": {
		"Duration": 2.667,
		"Fps": 30.0,
		"Loop": true,
		"AreBeziersRestricted": true,
		"CurveCount": 12,
		"TotalSegmentCount": 59,
		"TotalPointCount": 171,
		"UserDataCount": 0,
		"TotalUserDataSize": 0
	},
	"Curves": [
		{
			"Target": "Parameter",
			"Id": "ParamEyeLOpen",
			"Segments": [
				0,
				1,
				0,
				1,
				1,
				1,
				1.033,
				1,
				1.067,
				0,
				1.1,
				0,
				1,
				1.111,
				0,
				1.122,
				0.594,
				1.133,
				0.8,
				1,
				1.144,
				1,
				1.156,
				1,
				1.167,
				1,
				1,
				1.222,
				1,
				1.278,
				1,
				1.333,
				1,
				0,
				2.667,
				1
			]
		},
		{
			"Target": "Parameter",
			"Id": "ParamEyeLSmile",
			"Segments": [
				0,
				1,
				0,
				2.667,
				1
			]
		},
		{
			"Target": "Parameter",
			"Id": "Param6",
			"Segments": [
				0,
				0,
				1,
				0.222,
				0,
				0.444,
				2,
				0.667,
				2,
				1,
				0.889,
				2,
				1.111,
				1.888,
				1.333,
				1,
				1,
				1.556,
				0.112,
				1.778,
				-1,
				2,
				-1,
				1,
				2.222,
				-1,
				2.444,
				0,
				2.667,
				0
			]
		},
		{
			"Target": "Parameter",
			"Id": "Param",
			"Segments": [
				0,
				1,
				0,
				2.667,
				1
			]
		},
		{
			"Target": "Parameter",
			"Id": "Param2",
			"Segments": [
				0,
				1,
				0,
				2.667,
				1
			]
		},
		{
			"Target": "Parameter",
			"Id": "Param4",
			"Segments": [
				0,
				-1,
				0,
				2.667,
				-1
			]
		},
		{
			"Target": "Parameter",
			"Id": "ParamMouthForm",
			"Segments": [
				0,
				0,
				1,
				0.044,
				0,
				0.089,
				1,
				0.133,
				1,
				1,
				0.167,
				1,
				0.2,
				0.7,
				0.233,
				0.7,
				1,
				0.267,
				0.7,
				0.3,
				1,
				0.333,
				1,
				1,
				0.344,
				1,
				0.356,
				0.575,
				0.367,
				0.3,
				1,
				0.378,
				0.025,
				0.389,
				0,
				0.4,
				0,
				1,
				0.411,
				0,
				0.422,
				0.079,
				0.433,
				0.3,
				1,
				0.456,
				0.742,
				0.478,
				1,
				0.5,
				1,
				1,
				0.522,
				1,
				0.544,
				0.706,
				0.567,
				0.6,
				1,
				0.589,
				0.494,
				0.611,
				0.506,
				0.633,
				0.4,
				1,
				0.656,
				0.294,
				0.678,
				0,
				0.7,
				0,
				1,
				0.744,
				0,
				0.789,
				1,
				0.833,
				1,
				1,
				0.844,
				1,
				0.856,
				0.706,
				0.867,
				0.6,
				1,
				0.9,
				0.282,
				0.933,
				0.2,
				0.967,
				0.2,
				1,
				0.989,
				0.2,
				1.011,
				0.6,
				1.033,
				0.6,
				1,
				1.1,
				0.6,
				1.167,
				0.6,
				1.233,
				0.6,
				1,
				1.256,
				0.6,
				1.278,
				0.7,
				1.3,
				0.7,
				1,
				1.311,
				0.7,
				1.322,
				0.461,
				1.333,
				0.4,
				1,
				1.389,
				0.097,
				1.444,
				0,
				1.5,
				0,
				1,
				1.533,
				0,
				1.567,
				0.8,
				1.6,
				0.8,
				1,
				1.622,
				0.8,
				1.644,
				0.5,
				1.667,
				0.5,
				1,
				1.722,
				0.5,
				1.778,
				0.6,
				1.833,
				0.6,
				1,
				1.844,
				0.6,
				1.856,
				0.38,
				1.867,
				0.3,
				1,
				1.9,
				0.061,
				1.933,
				0,
				1.967,
				0,
				1,
				2,
				0,
				2.033,
				0.9,
				2.067,
				0.9,
				1,
				2.078,
				0.9,
				2.089,
				0.8,
				2.1,
				0.6,
				1,
				2.122,
				0.2,
				2.144,
				0,
				2.167,
				0,
				1,
				2.2,
				0,
				2.233,
				0,
				2.267,
				0,
				1,
				2.344,
				0,
				2.422,
				0,
				2.5,
				0,
				1,
				2.556,
				0,
				2.611,
				0,
				2.667,
				0
			]
		},
		{
			"Target": "Parameter",
			"Id": "ParamCheek2",
			"Segments": [
				0,
				1,
				0,
				2.667,
				1
			]
		},
		{
			"Target": "Parameter",
			"Id": "ParamBreath",
			"Segments": [
				0,
				1,
				1,
				0.444,
				1,
				0.889,
				0,
				1.333,
				0,
				1,
				1.778,
				0,
				2.222,
				1,
				2.667,
				1
			]
		},
		{
			"Target": "Parameter",
			"Id": "ParamHairFront",
			"Segments": [
				0,
				0,
				1,
				0.222,
				0,
				0.444,
				0.2,
				0.667,
				0.2,
				1,
				0.889,
				0.2,
				1.111,
				0,
				1.333,
				0,
				1,
				1.556,
				0,
				1.778,
				0,
				2,
				0,
				1,
				2.222,
				0,
				2.444,
				-0.2,
				2.667,
				-0.2
			]
		},
		{
			"Target": "Parameter",
			"Id": "ParamHairSide",
			"Segments": [
				0,
				0,
				1,
				0.222,
				0,
				0.444,
				-0.2,
				0.667,
				-0.2,
				1,
				0.889,
				-0.2,
				1.111,
				0,
				1.333,
				0,
				1,
				1.556,
				0,
				1.778,
				-0.2,
				2,
				-0.2,
				1,
				2.222,
				-0.2,
				2.444,
				0,
				2.667,
				0
			]
		},
		{
			"Target": "Parameter",
			"Id": "Param7",
			"Segments": [
				0,
				0,
				0,
				0.033,
				0,
				1,
				0.211,
				0,
				0.389,
				0.162,
				0.567,
				0.162,
				1,
				0.822,
				0.162,
				1.078,
				0.118,
				1.333,
				0,
				1,
				1.544,
				-0.097,
				1.756,
				-0.164,
				1.967,
				-0.164,
				0,
				2.667,
				-0.164
			]
		}
	]
}