{
	"Version": 3,
	"Meta": {
		"Duration": 2.667,
		"Fps": 30.0,
		"Loop": true,
		"AreBeziersRestricted": true,
		"CurveCount": 11,
		"TotalSegmentCount": 56,
		"TotalPointCount": 169,
		"UserDataCount": 0,
		"TotalUserDataSize": 0
	},
	"Curves": [
		{
			"Target": "Parameter",
			"Id": "ParamEyeLOpen",
			"Segments": [
				0,
				1,
				1,
				0.111,
				1,
				0.222,
				1,
				0.333,
				1,
				1,
				0.344,
				1,
				0.356,
				0,
				0.367,
				0,
				1,
				0.4,
				0,
				0.433,
				0.308,
				0.467,
				0.8,
				1,
				0.478,
				0.964,
				0.489,
				1,
				0.5,
				1,
				0,
				2.667,
				1
			]
		},
		{
			"Target": "Parameter",
			"Id": "Param5",
			"Segments": [
				0,
				0,
				0,
				2.667,
				0
			]
		},
		{
			"Target": "Parameter",
			"Id": "Param6",
			"Segments": [
				0,
				1,
				1,
				0.222,
				1,
				0.444,
				-1,
				0.667,
				-1,
				1,
				0.889,
				-1,
				1.111,
				-0.888,
				1.333,
				0,
				1,
				1.556,
				0.888,
				1.778,
				2,
				2,
				2,
				1,
				2.222,
				2,
				2.444,
				1,
				2.667,
				1
			]
		},
		{
			"Target": "Parameter",
			"Id": "Param",
			"Segments": [
				0,
				1,
				0,
				2.667,
				1
			]
		},
		{
			"Target": "Parameter",
			"Id": "Param2",
			"Segments": [
				0,
				1,
				0,
				2.667,
				1
			]
		},
		{
			"Target": "Parameter",
			"Id": "Param4",
			"Segments": [
				0,
				-1,
				0,
				2.667,
				-1
			]
		},
		{
			"Target": "Parameter",
			"Id": "ParamMouthForm",
			"Segments": [
				0,
				0,
				1,
				0.056,
				0,
				0.111,
				0.064,
				0.167,
				0.4,
				1,
				0.211,
				0.669,
				0.256,
				1,
				0.3,
				1,
				1,
				0.333,
				1,
				0.367,
				0.7,
				0.4,
				0.7,
				1,
				0.433,
				0.7,
				0.467,
				1,
				0.5,
				1,
				1,
				0.511,
				1,
				0.522,
				0.575,
				0.533,
				0.3,
				1,
				0.544,
				0.025,
				0.556,
				0,
				0.567,
				0,
				1,
				0.578,
				0,
				0.589,
				0.079,
				0.6,
				0.3,
				1,
				0.622,
				0.742,
				0.644,
				1,
				0.667,
				1,
				1,
				0.689,
				1,
				0.711,
				0.706,
				0.733,
				0.6,
				1,
				0.756,
				0.494,
				0.778,
				0.506,
				0.8,
				0.4,
				1,
				0.822,
				0.294,
				0.844,
				0,
				0.867,
				0,
				1,
				0.911,
				0,
				0.956,
				1,
				1,
				1,
				1,
				1.011,
				1,
				1.022,
				0.706,
				1.033,
				0.6,
				1,
				1.067,
				0.282,
				1.1,
				0.2,
				1.133,
				0.2,
				1,
				1.156,
				0.2,
				1.178,
				0.6,
				1.2,
				0.6,
				1,
				1.267,
				0.6,
				1.333,
				0.6,
				1.4,
				0.6,
				1,
				1.422,
				0.6,
				1.444,
				0.7,
				1.467,
				0.7,
				1,
				1.478,
				0.7,
				1.489,
				0.461,
				1.5,
				0.4,
				1,
				1.556,
				0.097,
				1.611,
				0,
				1.667,
				0,
				1,
				1.7,
				0,
				1.733,
				0.8,
				1.767,
				0.8,
				1,
				1.789,
				0.8,
				1.811,
				0.5,
				1.833,
				0.5,
				1,
				1.889,
				0.5,
				1.944,
				0.6,
				2,
				0.6,
				1,
				2.011,
				0.6,
				2.022,
				0.38,
				2.033,
				0.3,
				1,
				2.067,
				0.061,
				2.1,
				0,
				2.133,
				0,
				1,
				2.167,
				0,
				2.2,
				0.9,
				2.233,
				0.9,
				1,
				2.244,
				0.9,
				2.256,
				0.8,
				2.267,
				0.6,
				1,
				2.289,
				0.2,
				2.311,
				0,
				2.333,
				0,
				1,
				2.367,
				0,
				2.4,
				0,
				2.433,
				0,
				1,
				2.511,
				0,
				2.589,
				0,
				2.667,
				0
			]
		},
		{
			"Target": "Parameter",
			"Id": "ParamBreath",
			"Segments": [
				0,
				0,
				1,
				0.444,
				0,
				0.889,
				1,
				1.333,
				1,
				1,
				1.778,
				1,
				2.222,
				0,
				2.667,
				0
			]
		},
		{
			"Target": "Parameter",
			"Id": "ParamHairFront",
			"Segments": [
				0,
				0,
				1,
				0.222,
				0,
				0.444,
				-0.2,
				0.667,
				-0.2,
				1,
				0.889,
				-0.2,
				1.111,
				-0.133,
				1.333,
				0,
				1,
				1.556,
				0.133,
				1.778,
				0.2,
				2,
				0.2,
				1,
				2.222,
				0.2,
				2.444,
				0,
				2.667,
				0
			]
		},
		{
			"Target": "Parameter",
			"Id": "ParamHairSide",
			"Segments": [
				0,
				0,
				1,
				0.222,
				0,
				0.444,
				-0.2,
				0.667,
				-0.2,
				1,
				0.889,
				-0.2,
				1.111,
				0,
				1.333,
				0,
				1,
				1.556,
				0,
				1.778,
				-0.2,
				2,
				-0.2,
				1,
				2.222,
				-0.2,
				2.444,
				0,
				2.667,
				0
			]
		},
		{
			"Target": "Parameter",
			"Id": "Param7",
			"Segments": [
				0,
				0,
				1,
				0.211,
				0,
				0.422,
				-0.164,
				0.633,
				-0.164,
				1,
				0.878,
				-0.164,
				1.122,
				-0.123,
				1.367,
				0,
				1,
				1.544,
				0.089,
				1.722,
				0.162,
				1.9,
				0.162,
				1,
				2.156,
				0.162,
				2.411,
				0,
				2.667,
				0
			]
		}
	]
}