{
	"Version": 3,
	"Meta": {
		"Duration": 1.333,
		"Fps": 30.0,
		"Loop": true,
		"AreBeziersRestricted": true,
		"CurveCount": 16,
		"TotalSegmentCount": 49,
		"TotalPointCount": 153,
		"UserDataCount": 0,
		"TotalUserDataSize": 0
	},
	"Curves": [
		{
			"Target": "Parameter",
			"Id": "ParamEyeLOpen",
			"Segments": [
				0,
				1,
				1,
				0.111,
				1,
				0.222,
				1,
				0.333,
				1,
				1,
				0.367,
				1,
				0.4,
				0,
				0.433,
				0,
				1,
				0.444,
				0,
				0.456,
				0.594,
				0.467,
				0.8,
				1,
				0.478,
				1,
				0.489,
				1,
				0.5,
				1,
				1,
				0.556,
				1,
				0.611,
				1,
				0.667,
				1,
				1,
				0.7,
				1,
				0.733,
				0,
				0.767,
				0,
				1,
				0.778,
				0,
				0.789,
				0.594,
				0.8,
				0.8,
				1,
				0.811,
				1,
				0.822,
				1,
				0.833,
				1,
				1,
				0.944,
				1,
				1.056,
				1,
				1.167,
				1,
				1,
				1.222,
				1,
				1.278,
				1,
				1.333,
				1
			]
		},
		{
			"Target": "Parameter",
			"Id": "ParamEyeLSmile",
			"Segments": [
				0,
				0,
				1,
				0.167,
				0,
				0.333,
				1,
				0.5,
				1,
				1,
				0.722,
				1,
				0.944,
				1,
				1.167,
				1,
				1,
				1.222,
				1,
				1.278,
				1,
				1.333,
				1
			]
		},
		{
			"Target": "Parameter",
			"Id": "Param6",
			"Segments": [
				0,
				1,
				1,
				0.222,
				1,
				0.444,
				-1,
				0.667,
				-1,
				1,
				0.889,
				-1,
				1.111,
				0,
				1.333,
				0
			]
		},
		{
			"Target": "Parameter",
			"Id": "Param",
			"Segments": [
				0,
				1,
				1,
				0.056,
				1,
				0.111,
				0.8,
				0.167,
				0.8,
				1,
				0.278,
				0.8,
				0.389,
				1,
				0.5,
				1,
				1,
				0.778,
				1,
				1.056,
				1,
				1.333,
				1
			]
		},
		{
			"Target": "Parameter",
			"Id": "Param2",
			"Segments": [
				0,
				1,
				1,
				0.444,
				1,
				0.889,
				1,
				1.333,
				1
			]
		},
		{
			"Target": "Parameter",
			"Id": "Param10",
			"Segments": [
				0,
				0,
				1,
				0.111,
				0,
				0.222,
				0,
				0.333,
				0,
				1,
				0.4,
				0,
				0.467,
				0.003,
				0.533,
				0.1,
				1,
				0.578,
				0.164,
				0.622,
				0.4,
				0.667,
				0.4,
				1,
				0.889,
				0.4,
				1.111,
				0.4,
				1.333,
				0.4
			]
		},
		{
			"Target": "Parameter",
			"Id": "ParamEyeBallX",
			"Segments": [
				0,
				0,
				0,
				0.333,
				0,
				1,
				0.611,
				0,
				0.889,
				0,
				1.167,
				0,
				0,
				1.333,
				0
			]
		},
		{
			"Target": "Parameter",
			"Id": "ParamEyeBallY",
			"Segments": [
				0,
				0,
				0,
				0.333,
				0,
				1,
				0.611,
				0,
				0.889,
				0,
				1.167,
				0,
				0,
				1.333,
				0
			]
		},
		{
			"Target": "Parameter",
			"Id": "Param4",
			"Segments": [
				0,
				-1,
				1,
				0.389,
				-1,
				0.778,
				-1,
				1.167,
				-1,
				1,
				1.222,
				-1,
				1.278,
				-1,
				1.333,
				-1
			]
		},
		{
			"Target": "Parameter",
			"Id": "ParamMouthForm",
			"Segments": [
				0,
				0,
				0,
				1.167,
				0,
				1,
				1.222,
				0,
				1.278,
				0,
				1.333,
				0
			]
		},
		{
			"Target": "Parameter",
			"Id": "Param9",
			"Segments": [
				0,
				0,
				1,
				0.078,
				0,
				0.156,
				0,
				0.233,
				0,
				1,
				0.267,
				0,
				0.3,
				1,
				0.333,
				1,
				1,
				0.667,
				1,
				1,
				1,
				1.333,
				1
			]
		},
		{
			"Target": "Parameter",
			"Id": "Param3",
			"Segments": [
				0,
				0,
				1,
				0.022,
				0,
				0.044,
				0,
				0.067,
				0,
				1,
				0.156,
				0,
				0.244,
				0.3,
				0.333,
				0.3,
				1,
				0.389,
				0.3,
				0.444,
				0.3,
				0.5,
				0.3,
				1,
				0.778,
				0.3,
				1.056,
				0,
				1.333,
				0
			]
		},
		{
			"Target": "Parameter",
			"Id": "ParamBreath",
			"Segments": [
				0,
				0,
				1,
				0.444,
				0,
				0.889,
				1,
				1.333,
				1
			]
		},
		{
			"Target": "Parameter",
			"Id": "ParamHairFront",
			"Segments": [
				0,
				0,
				1,
				0.167,
				0,
				0.333,
				-0.3,
				0.5,
				-0.3,
				1,
				0.611,
				-0.3,
				0.722,
				0,
				0.833,
				0,
				1,
				1,
				0,
				1.167,
				0,
				1.333,
				0
			]
		},
		{
			"Target": "Parameter",
			"Id": "ParamHairSide",
			"Segments": [
				0,
				0,
				1,
				0.167,
				0,
				0.333,
				-0.4,
				0.5,
				-0.4,
				1,
				0.611,
				-0.4,
				0.722,
				-0.4,
				0.833,
				-0.4,
				1,
				1,
				-0.4,
				1.167,
				0,
				1.333,
				0
			]
		},
		{
			"Target": "Parameter",
			"Id": "Param7",
			"Segments": [
				0,
				0,
				1,
				0.211,
				0,
				0.422,
				-0.4,
				0.633,
				-0.4,
				1,
				0.867,
				-0.4,
				1.1,
				-0.036,
				1.333,
				-0.002
			]
		}
	]
}