{
	"Version": 3,
	"Meta": {
		"Duration": 2.667,
		"Fps": 30.0,
		"Loop": true,
		"AreBeziersRestricted": true,
		"CurveCount": 15,
		"TotalSegmentCount": 72,
		"TotalPointCount": 203,
		"UserDataCount": 0,
		"TotalUserDataSize": 0
	},
	"Curves": [
		{
			"Target": "Parameter",
			"Id": "ParamEyeLOpen",
			"Segments": [
				0,
				1,
				1,
				0.111,
				1,
				0.222,
				1,
				0.333,
				1,
				1,
				0.344,
				1,
				0.356,
				0,
				0.367,
				0,
				1,
				0.4,
				0,
				0.433,
				0.308,
				0.467,
				0.8,
				1,
				0.478,
				0.964,
				0.489,
				1,
				0.5,
				1,
				0,
				2.667,
				1
			]
		},
		{
			"Target": "Parameter",
			"Id": "Param5",
			"Segments": [
				0,
				0,
				0,
				2.667,
				0
			]
		},
		{
			"Target": "Parameter",
			"Id": "Param6",
			"Segments": [
				0,
				1,
				0,
				2.667,
				1
			]
		},
		{
			"Target": "Parameter",
			"Id": "Param",
			"Segments": [
				0,
				0,
				1,
				0.044,
				0,
				0.089,
				0,
				0.133,
				0,
				0,
				2.667,
				0
			]
		},
		{
			"Target": "Parameter",
			"Id": "ParamEyeBallX",
			"Segments": [
				0,
				-0.3,
				0,
				1,
				-0.3,
				1,
				1.167,
				-0.3,
				1.333,
				-0.7,
				1.5,
				-0.7,
				1,
				1.578,
				-0.7,
				1.656,
				-0.179,
				1.733,
				0,
				1,
				1.822,
				0.205,
				1.911,
				0.21,
				2,
				0.4,
				1,
				2.067,
				0.543,
				2.133,
				0.9,
				2.2,
				0.9,
				1,
				2.267,
				0.9,
				2.333,
				0,
				2.4,
				0,
				0,
				2.667,
				0
			]
		},
		{
			"Target": "Parameter",
			"Id": "ParamEyeBallY",
			"Segments": [
				0,
				0.1,
				0,
				1,
				0.1,
				1,
				1.167,
				0.1,
				1.333,
				0.4,
				1.5,
				0.4,
				1,
				1.578,
				0.4,
				1.656,
				0.1,
				1.733,
				0.1,
				1,
				1.822,
				0.1,
				1.911,
				0.1,
				2,
				0.1,
				1,
				2.067,
				0.1,
				2.133,
				0.1,
				2.2,
				0.1,
				1,
				2.267,
				0.1,
				2.333,
				0,
				2.4,
				0,
				0,
				2.667,
				0
			]
		},
		{
			"Target": "Parameter",
			"Id": "Param4",
			"Segments": [
				0,
				-1,
				0,
				2.667,
				-1
			]
		},
		{
			"Target": "Parameter",
			"Id": "ParamMouthForm",
			"Segments": [
				0,
				0,
				0,
				0.133,
				0,
				1,
				0.144,
				0,
				0.156,
				0,
				0.167,
				0,
				1,
				0.189,
				0,
				0.211,
				1,
				0.233,
				1,
				1,
				0.256,
				1,
				0.278,
				0.553,
				0.3,
				0.5,
				1,
				0.356,
				0.367,
				0.411,
				0.325,
				0.467,
				0.2,
				1,
				0.489,
				0.15,
				0.511,
				0,
				0.533,
				0,
				1,
				0.578,
				0,
				0.622,
				0,
				0.667,
				0,
				1,
				0.711,
				0,
				0.756,
				0.2,
				0.8,
				0.2,
				1,
				0.811,
				0.2,
				0.822,
				0,
				0.833,
				0,
				1,
				0.867,
				0,
				0.9,
				1,
				0.933,
				1,
				1,
				0.956,
				1,
				0.978,
				0.6,
				1,
				0.6,
				1,
				1.056,
				0.6,
				1.111,
				1,
				1.167,
				1,
				1,
				1.189,
				1,
				1.211,
				0.357,
				1.233,
				0.2,
				1,
				1.244,
				0.122,
				1.256,
				0.133,
				1.267,
				0.1,
				1,
				1.289,
				0.033,
				1.311,
				0,
				1.333,
				0,
				1,
				1.389,
				0,
				1.444,
				0.065,
				1.5,
				0.3,
				1,
				1.511,
				0.347,
				1.522,
				1,
				1.533,
				1,
				1,
				1.578,
				1,
				1.622,
				0.981,
				1.667,
				0.8,
				1,
				1.689,
				0.709,
				1.711,
				0.3,
				1.733,
				0.3,
				1,
				1.778,
				0.3,
				1.822,
				0.5,
				1.867,
				0.5,
				1,
				1.911,
				0.5,
				1.956,
				0.1,
				2,
				0.1,
				1,
				2.056,
				0.1,
				2.111,
				1,
				2.167,
				1,
				1,
				2.2,
				1,
				2.233,
				0.7,
				2.267,
				0.7,
				1,
				2.289,
				0.7,
				2.311,
				0.768,
				2.333,
				0.8,
				1,
				2.389,
				0.88,
				2.444,
				0.9,
				2.5,
				0.9,
				1,
				2.533,
				0.9,
				2.567,
				0.736,
				2.6,
				0.3,
				1,
				2.611,
				0.155,
				2.622,
				0,
				2.633,
				0,
				0,
				2.667,
				0
			]
		},
		{
			"Target": "Parameter",
			"Id": "ParamMouthOpenY",
			"Segments": [
				0,
				0.4,
				0,
				2.667,
				0.4
			]
		},
		{
			"Target": "Parameter",
			"Id": "ParamBreath",
			"Segments": [
				0,
				0,
				1,
				0.111,
				0,
				0.222,
				0.4,
				0.333,
				0.4,
				1,
				0.444,
				0.4,
				0.556,
				0,
				0.667,
				0,
				1,
				0.778,
				0,
				0.889,
				0.4,
				1,
				0.4,
				1,
				1.111,
				0.4,
				1.222,
				0,
				1.333,
				0,
				1,
				1.444,
				0,
				1.556,
				0.4,
				1.667,
				0.4,
				1,
				1.778,
				0.4,
				1.889,
				0,
				2,
				0,
				1,
				2.111,
				0,
				2.222,
				0.4,
				2.333,
				0.4,
				1,
				2.444,
				0.4,
				2.556,
				0,
				2.667,
				0
			]
		},
		{
			"Target": "Parameter",
			"Id": "ParamHairFront",
			"Segments": [
				0,
				0,
				1,
				0.222,
				0,
				0.444,
				-0.3,
				0.667,
				-0.3,
				1,
				0.889,
				-0.3,
				1.111,
				-0.1,
				1.333,
				0,
				1,
				1.556,
				0.1,
				1.778,
				0.1,
				2,
				0.1,
				1,
				2.222,
				0.1,
				2.444,
				0.1,
				2.667,
				0
			]
		},
		{
			"Target": "Parameter",
			"Id": "ParamHairSide",
			"Segments": [
				0,
				0,
				1,
				0.222,
				0,
				0.444,
				-0.3,
				0.667,
				-0.3,
				1,
				0.889,
				-0.3,
				1.111,
				0,
				1.333,
				0,
				1,
				1.556,
				0,
				1.778,
				-0.1,
				2,
				-0.1,
				1,
				2.222,
				-0.1,
				2.444,
				0,
				2.667,
				0
			]
		},
		{
			"Target": "Parameter",
			"Id": "Param7",
			"Segments": [
				0,
				0,
				1,
				0.889,
				0,
				1.778,
				0,
				2.667,
				0
			]
		},
		{
			"Target": "Parameter",
			"Id": "Ahhh",
			"Segments": [
				0,
				1,
				0,
				2.667,
				1
			]
		},
		{
			"Target": "Parameter",
			"Id": "Param11",
			"Segments": [
				0,
				1,
				0,
				2.667,
				1
			]
		}
	]
}