{
	"Version": 3,
	"Meta": {
		"Duration": 2,
		"Fps": 30.0,
		"Loop": true,
		"AreBeziersRestricted": true,
		"CurveCount": 12,
		"TotalSegmentCount": 33,
		"TotalPointCount": 99,
		"UserDataCount": 0,
		"TotalUserDataSize": 0
	},
	"Curves": [
		{
			"Target": "Parameter",
			"Id": "ParamEyeLOpen",
			"Segments": [
				0,
				1,
				0,
				2,
				1
			]
		},
		{
			"Target": "Parameter",
			"Id": "Param6",
			"Segments": [
				0,
				1,
				1,
				0.667,
				1,
				1.333,
				0.5,
				2,
				0.5
			]
		},
		{
			"Target": "Parameter",
			"Id": "Param",
			"Segments": [
				0,
				1,
				1,
				0.044,
				1,
				0.089,
				0,
				0.133,
				0,
				1,
				0.711,
				0,
				1.289,
				0,
				1.867,
				0,
				1,
				1.911,
				0,
				1.956,
				1,
				2,
				1
			]
		},
		{
			"Target": "Parameter",
			"Id": "Param2",
			"Segments": [
				0,
				1,
				1,
				0.044,
				1,
				0.089,
				0,
				0.133,
				0,
				1,
				0.711,
				0,
				1.289,
				0,
				1.867,
				0,
				1,
				1.911,
				0,
				1.956,
				1,
				2,
				1
			]
		},
		{
			"Target": "Parameter",
			"Id": "Param4",
			"Segments": [
				0,
				-1,
				0,
				2,
				-1
			]
		},
		{
			"Target": "Parameter",
			"Id": "ebup",
			"Segments": [
				0,
				0,
				1,
				0.056,
				0,
				0.111,
				1,
				0.167,
				1,
				1,
				0.722,
				1,
				1.278,
				1,
				1.833,
				1,
				1,
				1.889,
				1,
				1.944,
				0,
				2,
				0
			]
		},
		{
			"Target": "Parameter",
			"Id": "ParamMouthForm",
			"Segments": [
				0,
				0,
				1,
				0.133,
				0,
				0.267,
				0.017,
				0.4,
				0.1,
				1,
				0.433,
				0.121,
				0.467,
				1,
				0.5,
				1,
				1,
				0.522,
				1,
				0.544,
				0,
				0.567,
				0,
				0,
				2,
				0
			]
		},
		{
			"Target": "Parameter",
			"Id": "ParamMouthOpenY",
			"Segments": [
				0,
				0.1,
				0,
				0.167,
				0.1,
				1,
				0.222,
				0.1,
				0.278,
				0.08,
				0.333,
				0.2,
				1,
				0.411,
				0.369,
				0.489,
				0.8,
				0.567,
				0.8,
				1,
				0.756,
				0.8,
				0.944,
				0.619,
				1.133,
				0.2,
				1,
				1.144,
				0.175,
				1.156,
				0,
				1.167,
				0,
				0,
				2,
				0
			]
		},
		{
			"Target": "Parameter",
			"Id": "ParamBreath",
			"Segments": [
				0,
				0,
				1,
				0.056,
				0,
				0.111,
				1,
				0.167,
				1,
				1,
				0.5,
				1,
				0.833,
				0.878,
				1.167,
				0.5,
				1,
				1.222,
				0.437,
				1.278,
				0,
				1.333,
				0,
				0,
				2,
				0
			]
		},
		{
			"Target": "Parameter",
			"Id": "ParamHairFront",
			"Segments": [
				0,
				0,
				1,
				0.222,
				0,
				0.444,
				-0.3,
				0.667,
				-0.3,
				1,
				0.889,
				-0.3,
				1.111,
				-0.1,
				1.333,
				0,
				1,
				1.556,
				0.1,
				1.778,
				0.1,
				2,
				0.1
			]
		},
		{
			"Target": "Parameter",
			"Id": "ParamHairSide",
			"Segments": [
				0,
				0,
				1,
				0.222,
				0,
				0.444,
				-0.3,
				0.667,
				-0.3,
				1,
				0.889,
				-0.3,
				1.111,
				0,
				1.333,
				0,
				1,
				1.556,
				0,
				1.778,
				-0.1,
				2,
				-0.1
			]
		},
		{
			"Target": "Parameter",
			"Id": "Param7",
			"Segments": [
				0,
				0,
				1,
				0.667,
				0,
				1.333,
				0,
				2,
				0
			]
		}
	]
}