{
	"Version": 3,
	"Meta": {
		"Duration": 1.333,
		"Fps": 30.0,
		"Loop": true,
		"AreBeziersRestricted": true,
		"CurveCount": 12,
		"TotalSegmentCount": 26,
		"TotalPointCount": 78,
		"UserDataCount": 0,
		"TotalUserDataSize": 0
	},
	"Curves": [
		{
			"Target": "Parameter",
			"Id": "ParamEyeLOpen",
			"Segments": [
				0,
				1,
				0,
				1.333,
				1
			]
		},
		{
			"Target": "Parameter",
			"Id": "Param6",
			"Segments": [
				0,
				1,
				1,
				0.444,
				1,
				0.889,
				0.778,
				1.333,
				0.63
			]
		},
		{
			"Target": "Parameter",
			"Id": "Param",
			"Segments": [
				0,
				1,
				1,
				0.044,
				1,
				0.089,
				0,
				0.133,
				0,
				0,
				1.333,
				0
			]
		},
		{
			"Target": "Parameter",
			"Id": "Param2",
			"Segments": [
				0,
				1,
				1,
				0.044,
				1,
				0.089,
				0,
				0.133,
				0,
				0,
				1.333,
				0
			]
		},
		{
			"Target": "Parameter",
			"Id": "Param4",
			"Segments": [
				0,
				-1,
				0,
				1.333,
				-1
			]
		},
		{
			"Target": "Parameter",
			"Id": "ParamMouthOpenY",
			"Segments": [
				0,
				0.5,
				0,
				0.2,
				0.5,
				1,
				0.211,
				0.5,
				0.222,
				0.556,
				0.233,
				0.6,
				1,
				0.244,
				0.644,
				0.256,
				0.667,
				0.267,
				0.7,
				1,
				0.289,
				0.767,
				0.311,
				0.8,
				0.333,
				0.8,
				0,
				1.333,
				0.8
			]
		},
		{
			"Target": "Parameter",
			"Id": "ParamBreath",
			"Segments": [
				0,
				0,
				1,
				0.111,
				0,
				0.222,
				0.4,
				0.333,
				0.4,
				1,
				0.444,
				0.4,
				0.556,
				0,
				0.667,
				0,
				1,
				0.778,
				0,
				0.889,
				0.4,
				1,
				0.4,
				1,
				1.111,
				0.4,
				1.222,
				0,
				1.333,
				0
			]
		},
		{
			"Target": "Parameter",
			"Id": "ParamHairFront",
			"Segments": [
				0,
				0,
				1,
				0.222,
				0,
				0.444,
				-0.3,
				0.667,
				-0.3,
				1,
				0.889,
				-0.3,
				1.111,
				-0.1,
				1.333,
				0
			]
		},
		{
			"Target": "Parameter",
			"Id": "ParamHairSide",
			"Segments": [
				0,
				0,
				1,
				0.222,
				0,
				0.444,
				-0.3,
				0.667,
				-0.3,
				1,
				0.889,
				-0.3,
				1.111,
				0,
				1.333,
				0
			]
		},
		{
			"Target": "Parameter",
			"Id": "Param7",
			"Segments": [
				0,
				0,
				1,
				0.444,
				0,
				0.889,
				0,
				1.333,
				0
			]
		},
		{
			"Target": "Parameter",
			"Id": "Ahhh",
			"Segments": [
				0,
				0,
				1,
				0.222,
				0,
				0.444,
				0,
				0.667,
				0,
				1,
				0.722,
				0,
				0.778,
				1,
				0.833,
				1,
				1,
				1,
				1,
				1.167,
				1,
				1.333,
				1
			]
		},
		{
			"Target": "Parameter",
			"Id": "Param11",
			"Segments": [
				0,
				0,
				1,
				0.067,
				0,
				0.133,
				1,
				0.2,
				1,
				1,
				0.578,
				1,
				0.956,
				1,
				1.333,
				1
			]
		}
	]
}